"ID","都道府県","市区町村","補助金名","カテゴリ","金額","対象条件","申請期限","担当窓口","市公式サイト","Google検索URL","検証ステータス"
"101","東京都","八王子市","自転車ヘルメット購入補助","安全","最大2,000円","usesBike","令和8年3月31日まで（予算なくなり次第終了）","八王子市 道路・交通安全課","https://www.city.hachioji.tokyo.jp/","https://www.google.com/search?q=%E6%9D%B1%E4%BA%AC%E9%83%BD%20%E5%85%AB%E7%8E%8B%E5%AD%90%E5%B8%82%20%E8%87%AA%E8%BB%A2%E8%BB%8A%E3%83%98%E3%83%AB%E3%83%A1%E3%83%83%E3%83%88%E8%B3%BC%E5%85%A5%E8%A3%9C%E5%8A%A9","✓ 公式確認済み"
"102","東京都","八王子市","おむつ専用ごみ袋の無料配布","子育て","ごみ袋 年数冊","hasChildren","通年（お子さんが3歳になるまで毎年申請）","八王子市 子育て支援課","https://www.city.hachioji.tokyo.jp/","https://www.google.com/search?q=%E6%9D%B1%E4%BA%AC%E9%83%BD%20%E5%85%AB%E7%8E%8B%E5%AD%90%E5%B8%82%20%E3%81%8A%E3%82%80%E3%81%A4%E5%B0%82%E7%94%A8%E3%81%94%E3%81%BF%E8%A2%8B%E3%81%AE%E7%84%A1%E6%96%99%E9%85%8D%E5%B8%83","✓ 公式確認済み"
"103","東京都","八王子市","居住環境整備補助金","住まい","最大100万円","ownsHome","令和8年6月30日まで（要事前申請）","八王子市 建築指導課","https://www.city.hachioji.tokyo.jp/","https://www.google.com/search?q=%E6%9D%B1%E4%BA%AC%E9%83%BD%20%E5%85%AB%E7%8E%8B%E5%AD%90%E5%B8%82%20%E5%B1%85%E4%BD%8F%E7%92%B0%E5%A2%83%E6%95%B4%E5%82%99%E8%A3%9C%E5%8A%A9%E9%87%91","✓ 公式確認済み"
"104","東京都","八王子市","物価高騰対応子育て手当","子育て","2万円/人","hasChildren","令和8年6月30日まで（申請期限）","八王子市 子ども家庭部 給付金係","https://www.city.hachioji.tokyo.jp/","https://www.google.com/search?q=%E6%9D%B1%E4%BA%AC%E9%83%BD%20%E5%85%AB%E7%8E%8B%E5%AD%90%E5%B8%82%20%E7%89%A9%E4%BE%A1%E9%AB%98%E9%A8%B0%E5%AF%BE%E5%BF%9C%E5%AD%90%E8%82%B2%E3%81%A6%E6%89%8B%E5%BD%93","✓ 公式確認済み"
"105","東京都","八王子市","省エネ家電買い替え補助","エコ","最大3万円","all","令和8年7月31日まで（予算なくなり次第終了）","八王子市 環境部 省エネ推進課","https://www.city.hachioji.tokyo.jp/","https://www.google.com/search?q=%E6%9D%B1%E4%BA%AC%E9%83%BD%20%E5%85%AB%E7%8E%8B%E5%AD%90%E5%B8%82%20%E7%9C%81%E3%82%A8%E3%83%8D%E5%AE%B6%E9%9B%BB%E8%B2%B7%E3%81%84%E6%9B%BF%E3%81%88%E8%A3%9C%E5%8A%A9","✓ 公式確認済み"
"201","東京都","新宿区","電動自転車購入補助","エコ","最大3万円","usesBike","令和8年3月31日まで","新宿区 環境・エネルギー課","https://www.city.shinjuku.lg.jp/","https://www.google.com/search?q=%E6%9D%B1%E4%BA%AC%E9%83%BD%20%E6%96%B0%E5%AE%BF%E5%8C%BA%20%E9%9B%BB%E5%8B%95%E8%87%AA%E8%BB%A2%E8%BB%8A%E8%B3%BC%E5%85%A5%E8%A3%9C%E5%8A%A9","テンプレート（関東Phase2）"
"202","東京都","新宿区","子育て世帯への家賃補助","住まい","月最大2万円","hasChildren","令和8年3月31日まで","新宿区 住宅課","https://www.city.shinjuku.lg.jp/","https://www.google.com/search?q=%E6%9D%B1%E4%BA%AC%E9%83%BD%20%E6%96%B0%E5%AE%BF%E5%8C%BA%20%E5%AD%90%E8%82%B2%E3%81%A6%E4%B8%96%E5%B8%AF%E3%81%B8%E3%81%AE%E5%AE%B6%E8%B3%83%E8%A3%9C%E5%8A%A9","テンプレート（関東Phase2）"
"203","東京都","新宿区","特定不妊治療費助成","子育て","最大30万円","all","通年","新宿区 健康部 母子保健課","https://www.city.shinjuku.lg.jp/","https://www.google.com/search?q=%E6%9D%B1%E4%BA%AC%E9%83%BD%20%E6%96%B0%E5%AE%BF%E5%8C%BA%20%E7%89%B9%E5%AE%9A%E4%B8%8D%E5%A6%8A%E6%B2%BB%E7%99%82%E8%B2%BB%E5%8A%A9%E6%88%90","テンプレート（関東Phase2）"
"204","東京都","世田谷区","子育て応援券","子育て","最大8万円相当","hasChildren","通年","世田谷区 子ども・若者部","https://www.city.setagaya.lg.jp/","https://www.google.com/search?q=%E6%9D%B1%E4%BA%AC%E9%83%BD%20%E4%B8%96%E7%94%B0%E8%B0%B7%E5%8C%BA%20%E5%AD%90%E8%82%B2%E3%81%A6%E5%BF%9C%E6%8F%B4%E5%88%B8","テンプレート（関東Phase2）"
"205","東京都","世田谷区","住宅改良工事費助成","住まい","最大200万円","ownsHome","令和8年3月31日まで","世田谷区 建築安全課","https://www.city.setagaya.lg.jp/","https://www.google.com/search?q=%E6%9D%B1%E4%BA%AC%E9%83%BD%20%E4%B8%96%E7%94%B0%E8%B0%B7%E5%8C%BA%20%E4%BD%8F%E5%AE%85%E6%94%B9%E8%89%AF%E5%B7%A5%E4%BA%8B%E8%B2%BB%E5%8A%A9%E6%88%90","テンプレート（関東Phase2）"
"206","東京都","世田谷区","高齢者住宅改修費助成","福祉","最大18万円","hasElderly","通年","世田谷区 高齢福祉部","https://www.city.setagaya.lg.jp/","https://www.google.com/search?q=%E6%9D%B1%E4%BA%AC%E9%83%BD%20%E4%B8%96%E7%94%B0%E8%B0%B7%E5%8C%BA%20%E9%AB%98%E9%BD%A2%E8%80%85%E4%BD%8F%E5%AE%85%E6%94%B9%E4%BF%AE%E8%B2%BB%E5%8A%A9%E6%88%90","テンプレート（関東Phase2）"
"207","東京都","練馬区","保育料軽減補助","子育て","月最大2.5万円","hasChildren","通年","練馬区 子育て支援課","https://www.city.nerima.tokyo.jp/","https://www.google.com/search?q=%E6%9D%B1%E4%BA%AC%E9%83%BD%20%E7%B7%B4%E9%A6%AC%E5%8C%BA%20%E4%BF%9D%E8%82%B2%E6%96%99%E8%BB%BD%E6%B8%9B%E8%A3%9C%E5%8A%A9","テンプレート（関東Phase2）"
"208","東京都","練馬区","電動自転車購入補助","エコ","最大5万円","all","令和8年3月31日まで","練馬区 環境課","https://www.city.nerima.tokyo.jp/","https://www.google.com/search?q=%E6%9D%B1%E4%BA%AC%E9%83%BD%20%E7%B7%B4%E9%A6%AC%E5%8C%BA%20%E9%9B%BB%E5%8B%95%E8%87%AA%E8%BB%A2%E8%BB%8A%E8%B3%BC%E5%85%A5%E8%A3%9C%E5%8A%A9","テンプレート（関東Phase2）"
"209","東京都","江東区","プレミアム付き商品券","生活支援","15,000円分→10,000円","all","令和8年1月中旬まで","江東区 産業観光課","https://www.city.koto.lg.jp/","https://www.google.com/search?q=%E6%9D%B1%E4%BA%AC%E9%83%BD%20%E6%B1%9F%E6%9D%B1%E5%8C%BA%20%E3%83%97%E3%83%AC%E3%83%9F%E3%82%A2%E3%83%A0%E4%BB%98%E3%81%8D%E5%95%86%E5%93%81%E5%88%B8","テンプレート（関東Phase2）"
"210","東京都","江東区","こども医療費助成","子育て","医療費自己負担なし","hasChildren","通年","江東区 福祉課","https://www.city.koto.lg.jp/","https://www.google.com/search?q=%E6%9D%B1%E4%BA%AC%E9%83%BD%20%E6%B1%9F%E6%9D%B1%E5%8C%BA%20%E3%81%93%E3%81%A9%E3%82%82%E5%8C%BB%E7%99%82%E8%B2%BB%E5%8A%A9%E6%88%90","テンプレート（関東Phase2）"
"211","東京都","町田市","自転車ヘルメット購入補助","安全","最大2,000円","usesBike","令和8年3月31日まで","町田市 道路交通課","https://www.city.machida.tokyo.jp/","https://www.google.com/search?q=%E6%9D%B1%E4%BA%AC%E9%83%BD%20%E7%94%BA%E7%94%B0%E5%B8%82%20%E8%87%AA%E8%BB%A2%E8%BB%8A%E3%83%98%E3%83%AB%E3%83%A1%E3%83%83%E3%83%88%E8%B3%BC%E5%85%A5%E8%A3%9C%E5%8A%A9","テンプレート（関東Phase2）"
"212","東京都","町田市","子育て世帯引越し費用補助","子育て","最大10万円","hasChildren","令和8年3月31日まで","町田市 子育て推進課","https://www.city.machida.tokyo.jp/","https://www.google.com/search?q=%E6%9D%B1%E4%BA%AC%E9%83%BD%20%E7%94%BA%E7%94%B0%E5%B8%82%20%E5%AD%90%E8%82%B2%E3%81%A6%E4%B8%96%E5%B8%AF%E5%BC%95%E8%B6%8A%E3%81%97%E8%B2%BB%E7%94%A8%E8%A3%9C%E5%8A%A9","テンプレート（関東Phase2）"
"213","東京都","立川市","省エネ機器設置補助","エコ","最大20万円","ownsHome","令和8年2月28日まで","立川市 環境課","https://www.city.tachikawa.lg.jp/","https://www.google.com/search?q=%E6%9D%B1%E4%BA%AC%E9%83%BD%20%E7%AB%8B%E5%B7%9D%E5%B8%82%20%E7%9C%81%E3%82%A8%E3%83%8D%E6%A9%9F%E5%99%A8%E8%A8%AD%E7%BD%AE%E8%A3%9C%E5%8A%A9","テンプレート（関東Phase2）"
"214","東京都","立川市","福祉用具購入費助成","福祉","最大10万円","hasElderly","通年","立川市 高齢介護課","https://www.city.tachikawa.lg.jp/","https://www.google.com/search?q=%E6%9D%B1%E4%BA%AC%E9%83%BD%20%E7%AB%8B%E5%B7%9D%E5%B8%82%20%E7%A6%8F%E7%A5%89%E7%94%A8%E5%85%B7%E8%B3%BC%E5%85%A5%E8%B2%BB%E5%8A%A9%E6%88%90","テンプレート（関東Phase2）"
"215","埼玉県","さいたま市","子育て支援医療費助成","子育て","医療費自己負担なし","hasChildren","通年","さいたま市 こども未来局 子育て支援政策課（048-829-1279）","https://www.city.saitama.lg.jp/","https://www.google.com/search?q=%E5%9F%BC%E7%8E%89%E7%9C%8C%20%E3%81%95%E3%81%84%E3%81%9F%E3%81%BE%E5%B8%82%20%E5%AD%90%E8%82%B2%E3%81%A6%E6%94%AF%E6%8F%B4%E5%8C%BB%E7%99%82%E8%B2%BB%E5%8A%A9%E6%88%90","✓ 公式確認済み"
"216","埼玉県","さいたま市","既存建築物耐震補強等助成事業（共同住宅）","住まい","戸数×60万円","ownsHome","令和8年1月31日まで","さいたま市 建築総務課（048-829-1539）","https://www.city.saitama.lg.jp/","https://www.google.com/search?q=%E5%9F%BC%E7%8E%89%E7%9C%8C%20%E3%81%95%E3%81%84%E3%81%9F%E3%81%BE%E5%B8%82%20%E6%97%A2%E5%AD%98%E5%BB%BA%E7%AF%89%E7%89%A9%E8%80%90%E9%9C%87%E8%A3%9C%E5%BC%B7%E7%AD%89%E5%8A%A9%E6%88%90%E4%BA%8B%E6%A5%AD%EF%BC%88%E5%85%B1%E5%90%8C%E4%BD%8F%E5%AE%85%EF%BC%89","✓ 公式確認済み"
"217","埼玉県","さいたま市","省エネ家電買い替え補助","エコ","最大2万円","all","令和8年1月31日まで","さいたま市 環境局","https://www.city.saitama.lg.jp/","https://www.google.com/search?q=%E5%9F%BC%E7%8E%89%E7%9C%8C%20%E3%81%95%E3%81%84%E3%81%9F%E3%81%BE%E5%B8%82%20%E7%9C%81%E3%82%A8%E3%83%8D%E5%AE%B6%E9%9B%BB%E8%B2%B7%E3%81%84%E6%9B%BF%E3%81%88%E8%A3%9C%E5%8A%A9","テンプレート（関東Phase2）"
"218","埼玉県","さいたま市","自転車ヘルメット購入補助","安全","最大2,000円","usesBike","令和8年3月31日まで","さいたま市 交通政策課","https://www.city.saitama.lg.jp/","https://www.google.com/search?q=%E5%9F%BC%E7%8E%89%E7%9C%8C%20%E3%81%95%E3%81%84%E3%81%9F%E3%81%BE%E5%B8%82%20%E8%87%AA%E8%BB%A2%E8%BB%8A%E3%83%98%E3%83%AB%E3%83%A1%E3%83%83%E3%83%88%E8%B3%BC%E5%85%A5%E8%A3%9C%E5%8A%A9","テンプレート（関東Phase2）"
"219","埼玉県","川口市","子育て応援交通費補助","子育て","月最大5,000円","hasChildren","令和8年3月31日まで","川口市 子育て支援課","https://www.city.kawaguchi.lg.jp/","https://www.google.com/search?q=%E5%9F%BC%E7%8E%89%E7%9C%8C%20%E5%B7%9D%E5%8F%A3%E5%B8%82%20%E5%AD%90%E8%82%B2%E3%81%A6%E5%BF%9C%E6%8F%B4%E4%BA%A4%E9%80%9A%E8%B2%BB%E8%A3%9C%E5%8A%A9","テンプレート（関東Phase2）"
"220","埼玉県","川口市","住宅耐震診断費補助","住まい","診断費無料","ownsHome","通年","川口市 建築審査課","https://www.city.kawaguchi.lg.jp/","https://www.google.com/search?q=%E5%9F%BC%E7%8E%89%E7%9C%8C%20%E5%B7%9D%E5%8F%A3%E5%B8%82%20%E4%BD%8F%E5%AE%85%E8%80%90%E9%9C%87%E8%A8%BA%E6%96%AD%E8%B2%BB%E8%A3%9C%E5%8A%A9","テンプレート（関東Phase2）"
"221","埼玉県","川口市","ごみ処理費用補助（粗大ごみ減免）","生活支援","処理費半額","all","通年","川口市 廃棄物対策課","https://www.city.kawaguchi.lg.jp/","https://www.google.com/search?q=%E5%9F%BC%E7%8E%89%E7%9C%8C%20%E5%B7%9D%E5%8F%A3%E5%B8%82%20%E3%81%94%E3%81%BF%E5%87%A6%E7%90%86%E8%B2%BB%E7%94%A8%E8%A3%9C%E5%8A%A9%EF%BC%88%E7%B2%97%E5%A4%A7%E3%81%94%E3%81%BF%E6%B8%9B%E5%85%8D%EF%BC%89","テンプレート（関東Phase2）"
"222","埼玉県","川越市","観光農業体験補助","ユニーク","1家族2,000円","hasChildren","令和8年3月31日まで","川越市 農業振興課","https://www.city.kawagoe.saitama.jp/","https://www.google.com/search?q=%E5%9F%BC%E7%8E%89%E7%9C%8C%20%E5%B7%9D%E8%B6%8A%E5%B8%82%20%E8%A6%B3%E5%85%89%E8%BE%B2%E6%A5%AD%E4%BD%93%E9%A8%93%E8%A3%9C%E5%8A%A9","テンプレート（関東Phase2）"
"223","埼玉県","川越市","移住促進補助金","ユニーク","最大50万円","all","令和8年3月31日まで","川越市 都市計画課","https://www.city.kawagoe.saitama.jp/","https://www.google.com/search?q=%E5%9F%BC%E7%8E%89%E7%9C%8C%20%E5%B7%9D%E8%B6%8A%E5%B8%82%20%E7%A7%BB%E4%BD%8F%E4%BF%83%E9%80%B2%E8%A3%9C%E5%8A%A9%E9%87%91","テンプレート（関東Phase2）"
"224","埼玉県","所沢市","子ども医療費助成","子育て","医療費自己負担なし","hasChildren","通年","所沢市 子育て支援課","https://www.city.tokorozawa.saitama.jp/","https://www.google.com/search?q=%E5%9F%BC%E7%8E%89%E7%9C%8C%20%E6%89%80%E6%B2%A2%E5%B8%82%20%E5%AD%90%E3%81%A9%E3%82%82%E5%8C%BB%E7%99%82%E8%B2%BB%E5%8A%A9%E6%88%90","テンプレート（関東Phase2）"
"225","埼玉県","所沢市","電動アシスト自転車購入補助","エコ","最大3万円","usesBike","令和8年2月28日まで","所沢市 環境課","https://www.city.tokorozawa.saitama.jp/","https://www.google.com/search?q=%E5%9F%BC%E7%8E%89%E7%9C%8C%20%E6%89%80%E6%B2%A2%E5%B8%82%20%E9%9B%BB%E5%8B%95%E3%82%A2%E3%82%B7%E3%82%B9%E3%83%88%E8%87%AA%E8%BB%A2%E8%BB%8A%E8%B3%BC%E5%85%A5%E8%A3%9C%E5%8A%A9","テンプレート（関東Phase2）"
"226","埼玉県","越谷市","新婚世帯家賃補助","生活支援","月最大1万円(最長2年)","all","令和8年3月31日まで","越谷市 住宅政策課","https://www.city.koshigaya.saitama.jp/","https://www.google.com/search?q=%E5%9F%BC%E7%8E%89%E7%9C%8C%20%E8%B6%8A%E8%B0%B7%E5%B8%82%20%E6%96%B0%E5%A9%9A%E4%B8%96%E5%B8%AF%E5%AE%B6%E8%B3%83%E8%A3%9C%E5%8A%A9","テンプレート（関東Phase2）"
"227","埼玉県","熊谷市","移住促進助成金","ユニーク","最大100万円","all","令和8年3月31日まで","熊谷市 政策局 移住定住推進室","https://www.city.kumagaya.lg.jp/","https://www.google.com/search?q=%E5%9F%BC%E7%8E%89%E7%9C%8C%20%E7%86%8A%E8%B0%B7%E5%B8%82%20%E7%A7%BB%E4%BD%8F%E4%BF%83%E9%80%B2%E5%8A%A9%E6%88%90%E9%87%91","テンプレート（関東Phase2）"
"228","神奈川県","横浜市","小児医療費助成","子育て","医療費自己負担なし","hasChildren","通年","横浜市 健康福祉局 医療援助課（045-671-4115）","https://www.city.yokohama.lg.jp/","https://www.google.com/search?q=%E7%A5%9E%E5%A5%88%E5%B7%9D%E7%9C%8C%20%E6%A8%AA%E6%B5%9C%E5%B8%82%20%E5%B0%8F%E5%85%90%E5%8C%BB%E7%99%82%E8%B2%BB%E5%8A%A9%E6%88%90","✓ 公式確認済み"
"229","神奈川県","横浜市","省エネ機器購入費補助","エコ","最大25万円","ownsHome","令和8年3月31日まで","横浜市 資源循環局","https://www.city.yokohama.lg.jp/","https://www.google.com/search?q=%E7%A5%9E%E5%A5%88%E5%B7%9D%E7%9C%8C%20%E6%A8%AA%E6%B5%9C%E5%B8%82%20%E7%9C%81%E3%82%A8%E3%83%8D%E6%A9%9F%E5%99%A8%E8%B3%BC%E5%85%A5%E8%B2%BB%E8%A3%9C%E5%8A%A9","テンプレート（関東Phase2）"
"230","神奈川県","横浜市","木造住宅耐震改修費補助","住まい","最大100万円","ownsHome","令和8年2月28日まで","横浜市 建築局 建築安全課","https://www.city.yokohama.lg.jp/","https://www.google.com/search?q=%E7%A5%9E%E5%A5%88%E5%B7%9D%E7%9C%8C%20%E6%A8%AA%E6%B5%9C%E5%B8%82%20%E6%9C%A8%E9%80%A0%E4%BD%8F%E5%AE%85%E8%80%90%E9%9C%87%E6%94%B9%E4%BF%AE%E8%B2%BB%E8%A3%9C%E5%8A%A9","テンプレート（関東Phase2）"
"231","神奈川県","横浜市","自転車ヘルメット購入補助","安全","最大2,000円","usesBike","令和8年3月31日まで","横浜市 道路局 交通安全・自転車政策課","https://www.city.yokohama.lg.jp/","https://www.google.com/search?q=%E7%A5%9E%E5%A5%88%E5%B7%9D%E7%9C%8C%20%E6%A8%AA%E6%B5%9C%E5%B8%82%20%E8%87%AA%E8%BB%A2%E8%BB%8A%E3%83%98%E3%83%AB%E3%83%A1%E3%83%83%E3%83%88%E8%B3%BC%E5%85%A5%E8%A3%9C%E5%8A%A9","テンプレート（関東Phase2）"
"232","神奈川県","川崎市","小児医療費助成事業","子育て","医療費自己負担なし（小4以降は通院500円/回）","hasChildren","通年","川崎市 こども未来局 小児医療証事務処理センター（044-222-6211）","https://www.city.kawasaki.jp/","https://www.google.com/search?q=%E7%A5%9E%E5%A5%88%E5%B7%9D%E7%9C%8C%20%E5%B7%9D%E5%B4%8E%E5%B8%82%20%E5%B0%8F%E5%85%90%E5%8C%BB%E7%99%82%E8%B2%BB%E5%8A%A9%E6%88%90%E4%BA%8B%E6%A5%AD","✓ 公式確認済み"
"233","神奈川県","川崎市","省エネ住宅改修費補助","エコ","最大30万円","ownsHome","令和8年1月31日まで","川崎市 まちづくり局","https://www.city.kawasaki.jp/","https://www.google.com/search?q=%E7%A5%9E%E5%A5%88%E5%B7%9D%E7%9C%8C%20%E5%B7%9D%E5%B4%8E%E5%B8%82%20%E7%9C%81%E3%82%A8%E3%83%8D%E4%BD%8F%E5%AE%85%E6%94%B9%E4%BF%AE%E8%B2%BB%E8%A3%9C%E5%8A%A9","テンプレート（関東Phase2）"
"234","神奈川県","川崎市","不育症治療費助成","子育て","最大30万円/年","all","通年","川崎市 健康福祉局 母子保健課","https://www.city.kawasaki.jp/","https://www.google.com/search?q=%E7%A5%9E%E5%A5%88%E5%B7%9D%E7%9C%8C%20%E5%B7%9D%E5%B4%8E%E5%B8%82%20%E4%B8%8D%E8%82%B2%E7%97%87%E6%B2%BB%E7%99%82%E8%B2%BB%E5%8A%A9%E6%88%90","テンプレート（関東Phase2）"
"235","神奈川県","相模原市","移住促進補助","ユニーク","最大50万円","all","令和8年3月31日まで","相模原市 政策局 移住定住推進課","https://www.city.sagamihara.kanagawa.jp/","https://www.google.com/search?q=%E7%A5%9E%E5%A5%88%E5%B7%9D%E7%9C%8C%20%E7%9B%B8%E6%A8%A1%E5%8E%9F%E5%B8%82%20%E7%A7%BB%E4%BD%8F%E4%BF%83%E9%80%B2%E8%A3%9C%E5%8A%A9","テンプレート（関東Phase2）"
"236","神奈川県","相模原市","障害者住宅改修費補助","福祉","最大18万円","hasElderly","通年","相模原市 福祉局","https://www.city.sagamihara.kanagawa.jp/","https://www.google.com/search?q=%E7%A5%9E%E5%A5%88%E5%B7%9D%E7%9C%8C%20%E7%9B%B8%E6%A8%A1%E5%8E%9F%E5%B8%82%20%E9%9A%9C%E5%AE%B3%E8%80%85%E4%BD%8F%E5%AE%85%E6%94%B9%E4%BF%AE%E8%B2%BB%E8%A3%9C%E5%8A%A9","テンプレート（関東Phase2）"
"237","神奈川県","藤沢市","電動自転車購入補助","エコ","最大3万円","usesBike","令和8年2月28日まで","藤沢市 環境部 環境課","https://www.city.fujisawa.kanagawa.jp/","https://www.google.com/search?q=%E7%A5%9E%E5%A5%88%E5%B7%9D%E7%9C%8C%20%E8%97%A4%E6%B2%A2%E5%B8%82%20%E9%9B%BB%E5%8B%95%E8%87%AA%E8%BB%A2%E8%BB%8A%E8%B3%BC%E5%85%A5%E8%A3%9C%E5%8A%A9","テンプレート（関東Phase2）"
"238","神奈川県","藤沢市","子育て世帯保育料軽減","子育て","月最大3万円軽減","hasChildren","通年","藤沢市 子ども青少年部","https://www.city.fujisawa.kanagawa.jp/","https://www.google.com/search?q=%E7%A5%9E%E5%A5%88%E5%B7%9D%E7%9C%8C%20%E8%97%A4%E6%B2%A2%E5%B8%82%20%E5%AD%90%E8%82%B2%E3%81%A6%E4%B8%96%E5%B8%AF%E4%BF%9D%E8%82%B2%E6%96%99%E8%BB%BD%E6%B8%9B","テンプレート（関東Phase2）"
"239","神奈川県","横須賀市","空き家リフォーム補助","住まい","最大100万円","ownsHome","令和8年3月31日まで","横須賀市 都市部 住宅政策課","https://www.city.yokosuka.kanagawa.jp/","https://www.google.com/search?q=%E7%A5%9E%E5%A5%88%E5%B7%9D%E7%9C%8C%20%E6%A8%AA%E9%A0%88%E8%B3%80%E5%B8%82%20%E7%A9%BA%E3%81%8D%E5%AE%B6%E3%83%AA%E3%83%95%E3%82%A9%E3%83%BC%E3%83%A0%E8%A3%9C%E5%8A%A9","テンプレート（関東Phase2）"
"240","神奈川県","横須賀市","高齢者外出支援タクシー券","福祉","年最大24,000円分","hasElderly","通年","横須賀市 福祉部","https://www.city.yokosuka.kanagawa.jp/","https://www.google.com/search?q=%E7%A5%9E%E5%A5%88%E5%B7%9D%E7%9C%8C%20%E6%A8%AA%E9%A0%88%E8%B3%80%E5%B8%82%20%E9%AB%98%E9%BD%A2%E8%80%85%E5%A4%96%E5%87%BA%E6%94%AF%E6%8F%B4%E3%82%BF%E3%82%AF%E3%82%B7%E3%83%BC%E5%88%B8","テンプレート（関東Phase2）"
"241","神奈川県","平塚市","結婚新生活支援補助","生活支援","最大30万円","all","令和8年3月31日まで","平塚市 企画政策部","https://www.city.hiratsuka.kanagawa.jp/","https://www.google.com/search?q=%E7%A5%9E%E5%A5%88%E5%B7%9D%E7%9C%8C%20%E5%B9%B3%E5%A1%9A%E5%B8%82%20%E7%B5%90%E5%A9%9A%E6%96%B0%E7%94%9F%E6%B4%BB%E6%94%AF%E6%8F%B4%E8%A3%9C%E5%8A%A9","テンプレート（関東Phase2）"
"242","千葉県","千葉市","子ども医療費助成","子育て","通院300円/回・調剤無料","hasChildren","通年","千葉市 こども未来局 健全育成課（043-245-5179）","https://www.city.chiba.jp/","https://www.google.com/search?q=%E5%8D%83%E8%91%89%E7%9C%8C%20%E5%8D%83%E8%91%89%E5%B8%82%20%E5%AD%90%E3%81%A9%E3%82%82%E5%8C%BB%E7%99%82%E8%B2%BB%E5%8A%A9%E6%88%90","✓ 公式確認済み"
"243","千葉県","千葉市","妊婦のための支援給付事業","子育て","計10万円（妊娠時5万＋出生時5万）","hasChildren","通年","千葉市 妊婦支援給付事業事務局（0570-011-080）","https://www.city.chiba.jp/","https://www.google.com/search?q=%E5%8D%83%E8%91%89%E7%9C%8C%20%E5%8D%83%E8%91%89%E5%B8%82%20%E5%A6%8A%E5%A9%A6%E3%81%AE%E3%81%9F%E3%82%81%E3%81%AE%E6%94%AF%E6%8F%B4%E7%B5%A6%E4%BB%98%E4%BA%8B%E6%A5%AD","✓ 公式確認済み"
"244","千葉県","千葉市","自転車ヘルメット購入補助","安全","最大2,000円","usesBike","令和8年3月31日まで","千葉市 市民局 交通安全課","https://www.city.chiba.jp/","https://www.google.com/search?q=%E5%8D%83%E8%91%89%E7%9C%8C%20%E5%8D%83%E8%91%89%E5%B8%82%20%E8%87%AA%E8%BB%A2%E8%BB%8A%E3%83%98%E3%83%AB%E3%83%A1%E3%83%83%E3%83%88%E8%B3%BC%E5%85%A5%E8%A3%9C%E5%8A%A9","テンプレート（関東Phase2）"
"245","千葉県","船橋市","出産・子育て応援給付金","子育て","妊娠時5万＋出生時5万","hasChildren","通年","船橋市 健康部 母子保健課","https://www.city.funabashi.lg.jp/","https://www.google.com/search?q=%E5%8D%83%E8%91%89%E7%9C%8C%20%E8%88%B9%E6%A9%8B%E5%B8%82%20%E5%87%BA%E7%94%A3%E3%83%BB%E5%AD%90%E8%82%B2%E3%81%A6%E5%BF%9C%E6%8F%B4%E7%B5%A6%E4%BB%98%E9%87%91","テンプレート（関東Phase2）"
"246","千葉県","船橋市","太陽光発電設備設置補助","エコ","最大15万円","ownsHome","令和8年2月28日まで","船橋市 環境部 環境政策課","https://www.city.funabashi.lg.jp/","https://www.google.com/search?q=%E5%8D%83%E8%91%89%E7%9C%8C%20%E8%88%B9%E6%A9%8B%E5%B8%82%20%E5%A4%AA%E9%99%BD%E5%85%89%E7%99%BA%E9%9B%BB%E8%A8%AD%E5%82%99%E8%A8%AD%E7%BD%AE%E8%A3%9C%E5%8A%A9","テンプレート（関東Phase2）"
"247","千葉県","松戸市","子育てクーポン","子育て","5万円相当","hasChildren","通年","松戸市 子ども部 子育て支援課","https://www.city.matsudo.chiba.jp/","https://www.google.com/search?q=%E5%8D%83%E8%91%89%E7%9C%8C%20%E6%9D%BE%E6%88%B8%E5%B8%82%20%E5%AD%90%E8%82%B2%E3%81%A6%E3%82%AF%E3%83%BC%E3%83%9D%E3%83%B3","テンプレート（関東Phase2）"
"248","千葉県","松戸市","高齢者住宅改修費助成","福祉","最大20万円","hasElderly","通年","松戸市 福祉長寿部","https://www.city.matsudo.chiba.jp/","https://www.google.com/search?q=%E5%8D%83%E8%91%89%E7%9C%8C%20%E6%9D%BE%E6%88%B8%E5%B8%82%20%E9%AB%98%E9%BD%A2%E8%80%85%E4%BD%8F%E5%AE%85%E6%94%B9%E4%BF%AE%E8%B2%BB%E5%8A%A9%E6%88%90","テンプレート（関東Phase2）"
"249","千葉県","市川市","ファミリーサポート利用助成","子育て","月最大1万円","hasChildren","通年","市川市 こども政策部","https://www.city.ichikawa.lg.jp/","https://www.google.com/search?q=%E5%8D%83%E8%91%89%E7%9C%8C%20%E5%B8%82%E5%B7%9D%E5%B8%82%20%E3%83%95%E3%82%A1%E3%83%9F%E3%83%AA%E3%83%BC%E3%82%B5%E3%83%9D%E3%83%BC%E3%83%88%E5%88%A9%E7%94%A8%E5%8A%A9%E6%88%90","テンプレート（関東Phase2）"
"250","千葉県","市川市","省エネ家電買い替え補助","エコ","最大3万円","all","令和8年1月31日まで","市川市 環境部 環境政策課","https://www.city.ichikawa.lg.jp/","https://www.google.com/search?q=%E5%8D%83%E8%91%89%E7%9C%8C%20%E5%B8%82%E5%B7%9D%E5%B8%82%20%E7%9C%81%E3%82%A8%E3%83%8D%E5%AE%B6%E9%9B%BB%E8%B2%B7%E3%81%84%E6%9B%BF%E3%81%88%E8%A3%9C%E5%8A%A9","テンプレート（関東Phase2）"
"251","千葉県","柏市","結婚新生活支援補助金","生活支援","最大30万円","all","令和8年3月31日まで","柏市 こども部 こども政策課","https://www.city.kashiwa.lg.jp/","https://www.google.com/search?q=%E5%8D%83%E8%91%89%E7%9C%8C%20%E6%9F%8F%E5%B8%82%20%E7%B5%90%E5%A9%9A%E6%96%B0%E7%94%9F%E6%B4%BB%E6%94%AF%E6%8F%B4%E8%A3%9C%E5%8A%A9%E9%87%91","テンプレート（関東Phase2）"
"252","千葉県","柏市","電動アシスト自転車購入補助","エコ","最大3万円","usesBike","令和8年2月28日まで","柏市 土木部 交通政策課","https://www.city.kashiwa.lg.jp/","https://www.google.com/search?q=%E5%8D%83%E8%91%89%E7%9C%8C%20%E6%9F%8F%E5%B8%82%20%E9%9B%BB%E5%8B%95%E3%82%A2%E3%82%B7%E3%82%B9%E3%83%88%E8%87%AA%E8%BB%A2%E8%BB%8A%E8%B3%BC%E5%85%A5%E8%A3%9C%E5%8A%A9","テンプレート（関東Phase2）"
"253","千葉県","流山市","送迎保育ステーション利用補助","子育て","月額0〜2万円","hasChildren","通年","流山市 こども家庭部","https://www.city.nagareyama.chiba.jp/","https://www.google.com/search?q=%E5%8D%83%E8%91%89%E7%9C%8C%20%E6%B5%81%E5%B1%B1%E5%B8%82%20%E9%80%81%E8%BF%8E%E4%BF%9D%E8%82%B2%E3%82%B9%E3%83%86%E3%83%BC%E3%82%B7%E3%83%A7%E3%83%B3%E5%88%A9%E7%94%A8%E8%A3%9C%E5%8A%A9","テンプレート（関東Phase2）"
"254","千葉県","流山市","子育て世代移住支援金","ユニーク","最大50万円","all","令和8年3月31日まで","流山市 マーケティング課","https://www.city.nagareyama.chiba.jp/","https://www.google.com/search?q=%E5%8D%83%E8%91%89%E7%9C%8C%20%E6%B5%81%E5%B1%B1%E5%B8%82%20%E5%AD%90%E8%82%B2%E3%81%A6%E4%B8%96%E4%BB%A3%E7%A7%BB%E4%BD%8F%E6%94%AF%E6%8F%B4%E9%87%91","テンプレート（関東Phase2）"
"255","千葉県","流山市","こども医療費助成","子育て","中学生まで無料","hasChildren","通年","流山市 健康福祉部","https://www.city.nagareyama.chiba.jp/","https://www.google.com/search?q=%E5%8D%83%E8%91%89%E7%9C%8C%20%E6%B5%81%E5%B1%B1%E5%B8%82%20%E3%81%93%E3%81%A9%E3%82%82%E5%8C%BB%E7%99%82%E8%B2%BB%E5%8A%A9%E6%88%90","テンプレート（関東Phase2）"
"256","千葉県","流山市","出産祝い品プレゼント","子育て","育児用品セット","hasChildren","通年","流山市 健康福祉部","https://www.city.nagareyama.chiba.jp/","https://www.google.com/search?q=%E5%8D%83%E8%91%89%E7%9C%8C%20%E6%B5%81%E5%B1%B1%E5%B8%82%20%E5%87%BA%E7%94%A3%E7%A5%9D%E3%81%84%E5%93%81%E3%83%97%E3%83%AC%E3%82%BC%E3%83%B3%E3%83%88","テンプレート（関東Phase2）"
"257","愛知県","名古屋市","子ども医療費助成制度","子育て","医療費自己負担なし","hasChildren","通年","名古屋市 健康福祉局（052-972-2614）","https://www.city.nagoya.jp/","https://www.google.com/search?q=%E6%84%9B%E7%9F%A5%E7%9C%8C%20%E5%90%8D%E5%8F%A4%E5%B1%8B%E5%B8%82%20%E5%AD%90%E3%81%A9%E3%82%82%E5%8C%BB%E7%99%82%E8%B2%BB%E5%8A%A9%E6%88%90%E5%88%B6%E5%BA%A6","✓ 公式確認済み"
"258","愛知県","名古屋市","子どもあんしん住まいる補助金（住まいの安全性向上改修）","住まい","最大20万円/戸（補助率1/2）","hasChildren","令和9年2月28日まで","子どもあんしん住まいる補助金事務局（052-485-7034）","https://www.city.nagoya.jp/","https://www.google.com/search?q=%E6%84%9B%E7%9F%A5%E7%9C%8C%20%E5%90%8D%E5%8F%A4%E5%B1%8B%E5%B8%82%20%E5%AD%90%E3%81%A9%E3%82%82%E3%81%82%E3%82%93%E3%81%97%E3%82%93%E4%BD%8F%E3%81%BE%E3%81%84%E3%82%8B%E8%A3%9C%E5%8A%A9%E9%87%91%EF%BC%88%E4%BD%8F%E3%81%BE%E3%81%84%E3%81%AE%E5%AE%89%E5%85%A8%E6%80%A7%E5%90%91%E4%B8%8A%E6%94%B9%E4%BF%AE%EF%BC%89","✓ 公式確認済み"
"259","愛知県","名古屋市","高齢者住宅改修費助成","福祉","最大18万円","hasElderly","通年","名古屋市 健康福祉局","https://www.city.nagoya.jp/","https://www.google.com/search?q=%E6%84%9B%E7%9F%A5%E7%9C%8C%20%E5%90%8D%E5%8F%A4%E5%B1%8B%E5%B8%82%20%E9%AB%98%E9%BD%A2%E8%80%85%E4%BD%8F%E5%AE%85%E6%94%B9%E4%BF%AE%E8%B2%BB%E5%8A%A9%E6%88%90","テンプレート（中部・関西Phase3）"
"260","愛知県","豊田市","学童保育完全無料","子育て","利用料無料","hasChildren","通年","豊田市 こども発達センター","https://www.city.toyota.aichi.jp/","https://www.google.com/search?q=%E6%84%9B%E7%9F%A5%E7%9C%8C%20%E8%B1%8A%E7%94%B0%E5%B8%82%20%E5%AD%A6%E7%AB%A5%E4%BF%9D%E8%82%B2%E5%AE%8C%E5%85%A8%E7%84%A1%E6%96%99","テンプレート（中部・関西Phase3）"
"261","愛知県","豊田市","出産祝い金（第1子〜）","子育て","5万円〜20万円","hasChildren","通年","豊田市 子ども家庭課","https://www.city.toyota.aichi.jp/","https://www.google.com/search?q=%E6%84%9B%E7%9F%A5%E7%9C%8C%20%E8%B1%8A%E7%94%B0%E5%B8%82%20%E5%87%BA%E7%94%A3%E7%A5%9D%E3%81%84%E9%87%91%EF%BC%88%E7%AC%AC1%E5%AD%90%E3%80%9C%EF%BC%89","テンプレート（中部・関西Phase3）"
"262","愛知県","豊田市","太陽光発電設置補助","エコ","最大10万円","ownsHome","令和8年2月28日まで","豊田市 環境政策課","https://www.city.toyota.aichi.jp/","https://www.google.com/search?q=%E6%84%9B%E7%9F%A5%E7%9C%8C%20%E8%B1%8A%E7%94%B0%E5%B8%82%20%E5%A4%AA%E9%99%BD%E5%85%89%E7%99%BA%E9%9B%BB%E8%A8%AD%E7%BD%AE%E8%A3%9C%E5%8A%A9","テンプレート（中部・関西Phase3）"
"263","愛知県","岡崎市","自転車ヘルメット購入補助","安全","最大2,000円","usesBike","令和8年3月31日まで","岡崎市 市民生活部","https://www.city.okazaki.lg.jp/","https://www.google.com/search?q=%E6%84%9B%E7%9F%A5%E7%9C%8C%20%E5%B2%A1%E5%B4%8E%E5%B8%82%20%E8%87%AA%E8%BB%A2%E8%BB%8A%E3%83%98%E3%83%AB%E3%83%A1%E3%83%83%E3%83%88%E8%B3%BC%E5%85%A5%E8%A3%9C%E5%8A%A9","テンプレート（中部・関西Phase3）"
"264","愛知県","岡崎市","結婚新生活支援補助","生活支援","最大30万円","all","令和8年3月31日まで","岡崎市 こども部","https://www.city.okazaki.lg.jp/","https://www.google.com/search?q=%E6%84%9B%E7%9F%A5%E7%9C%8C%20%E5%B2%A1%E5%B4%8E%E5%B8%82%20%E7%B5%90%E5%A9%9A%E6%96%B0%E7%94%9F%E6%B4%BB%E6%94%AF%E6%8F%B4%E8%A3%9C%E5%8A%A9","テンプレート（中部・関西Phase3）"
"265","愛知県","岡崎市","省エネ家電買い替え補助","エコ","最大3万円","all","令和8年1月31日まで","岡崎市 環境部","https://www.city.okazaki.lg.jp/","https://www.google.com/search?q=%E6%84%9B%E7%9F%A5%E7%9C%8C%20%E5%B2%A1%E5%B4%8E%E5%B8%82%20%E7%9C%81%E3%82%A8%E3%83%8D%E5%AE%B6%E9%9B%BB%E8%B2%B7%E3%81%84%E6%9B%BF%E3%81%88%E8%A3%9C%E5%8A%A9","テンプレート（中部・関西Phase3）"
"266","愛知県","一宮市","こども医療費助成","子育て","中学生まで無料","hasChildren","通年","一宮市 こども家庭部","https://www.city.ichinomiya.aichi.jp/","https://www.google.com/search?q=%E6%84%9B%E7%9F%A5%E7%9C%8C%20%E4%B8%80%E5%AE%AE%E5%B8%82%20%E3%81%93%E3%81%A9%E3%82%82%E5%8C%BB%E7%99%82%E8%B2%BB%E5%8A%A9%E6%88%90","テンプレート（中部・関西Phase3）"
"267","愛知県","一宮市","木造住宅耐震診断補助","住まい","診断費無料","ownsHome","通年","一宮市 建築部","https://www.city.ichinomiya.aichi.jp/","https://www.google.com/search?q=%E6%84%9B%E7%9F%A5%E7%9C%8C%20%E4%B8%80%E5%AE%AE%E5%B8%82%20%E6%9C%A8%E9%80%A0%E4%BD%8F%E5%AE%85%E8%80%90%E9%9C%87%E8%A8%BA%E6%96%AD%E8%A3%9C%E5%8A%A9","テンプレート（中部・関西Phase3）"
"268","愛知県","一宮市","移住支援金","ユニーク","最大100万円","all","令和8年3月31日まで","一宮市 企画部","https://www.city.ichinomiya.aichi.jp/","https://www.google.com/search?q=%E6%84%9B%E7%9F%A5%E7%9C%8C%20%E4%B8%80%E5%AE%AE%E5%B8%82%20%E7%A7%BB%E4%BD%8F%E6%94%AF%E6%8F%B4%E9%87%91","テンプレート（中部・関西Phase3）"
"269","静岡県","静岡市","こども医療費助成","子育て","高校生まで自己負担なし","hasChildren","通年","静岡市 子ども未来局","https://www.city.shizuoka.lg.jp/","https://www.google.com/search?q=%E9%9D%99%E5%B2%A1%E7%9C%8C%20%E9%9D%99%E5%B2%A1%E5%B8%82%20%E3%81%93%E3%81%A9%E3%82%82%E5%8C%BB%E7%99%82%E8%B2%BB%E5%8A%A9%E6%88%90","テンプレート（中部・関西Phase3）"
"270","静岡県","静岡市","お茶の都 移住補助金","ユニーク","最大100万円","all","令和8年3月31日まで","静岡市 企画局","https://www.city.shizuoka.lg.jp/","https://www.google.com/search?q=%E9%9D%99%E5%B2%A1%E7%9C%8C%20%E9%9D%99%E5%B2%A1%E5%B8%82%20%E3%81%8A%E8%8C%B6%E3%81%AE%E9%83%BD%20%E7%A7%BB%E4%BD%8F%E8%A3%9C%E5%8A%A9%E9%87%91","テンプレート（中部・関西Phase3）"
"271","静岡県","静岡市","電動アシスト自転車購入補助","エコ","最大3万円","usesBike","令和8年2月28日まで","静岡市 都市局","https://www.city.shizuoka.lg.jp/","https://www.google.com/search?q=%E9%9D%99%E5%B2%A1%E7%9C%8C%20%E9%9D%99%E5%B2%A1%E5%B8%82%20%E9%9B%BB%E5%8B%95%E3%82%A2%E3%82%B7%E3%82%B9%E3%83%88%E8%87%AA%E8%BB%A2%E8%BB%8A%E8%B3%BC%E5%85%A5%E8%A3%9C%E5%8A%A9","テンプレート（中部・関西Phase3）"
"272","岐阜県","岐阜市","こども医療費助成","子育て","中学生まで無料","hasChildren","通年","岐阜市 子ども未来部","https://www.city.gifu.lg.jp/","https://www.google.com/search?q=%E5%B2%90%E9%98%9C%E7%9C%8C%20%E5%B2%90%E9%98%9C%E5%B8%82%20%E3%81%93%E3%81%A9%E3%82%82%E5%8C%BB%E7%99%82%E8%B2%BB%E5%8A%A9%E6%88%90","テンプレート（中部・関西Phase3）"
"273","岐阜県","岐阜市","木造住宅耐震改修補助","住まい","最大100万円","ownsHome","令和8年2月28日まで","岐阜市 都市建設部","https://www.city.gifu.lg.jp/","https://www.google.com/search?q=%E5%B2%90%E9%98%9C%E7%9C%8C%20%E5%B2%90%E9%98%9C%E5%B8%82%20%E6%9C%A8%E9%80%A0%E4%BD%8F%E5%AE%85%E8%80%90%E9%9C%87%E6%94%B9%E4%BF%AE%E8%A3%9C%E5%8A%A9","テンプレート（中部・関西Phase3）"
"274","岐阜県","岐阜市","結婚新生活支援補助","生活支援","最大30万円","all","令和8年3月31日まで","岐阜市 子ども政策課","https://www.city.gifu.lg.jp/","https://www.google.com/search?q=%E5%B2%90%E9%98%9C%E7%9C%8C%20%E5%B2%90%E9%98%9C%E5%B8%82%20%E7%B5%90%E5%A9%9A%E6%96%B0%E7%94%9F%E6%B4%BB%E6%94%AF%E6%8F%B4%E8%A3%9C%E5%8A%A9","テンプレート（中部・関西Phase3）"
"275","大阪府","大阪市","こども医療費助成制度","子育て","1日500円・月2,500円上限","hasChildren","通年","大阪市 区保健福祉センター医療助成業務担当 / 償還事務センター（06-6351-8200）","https://www.city.osaka.lg.jp/","https://www.google.com/search?q=%E5%A4%A7%E9%98%AA%E5%BA%9C%20%E5%A4%A7%E9%98%AA%E5%B8%82%20%E3%81%93%E3%81%A9%E3%82%82%E5%8C%BB%E7%99%82%E8%B2%BB%E5%8A%A9%E6%88%90%E5%88%B6%E5%BA%A6","✓ 公式確認済み"
"276","大阪府","大阪市","自転車ヘルメット購入補助","安全","最大2,000円","usesBike","令和8年3月31日まで","大阪市 建設局","https://www.city.osaka.lg.jp/","https://www.google.com/search?q=%E5%A4%A7%E9%98%AA%E5%BA%9C%20%E5%A4%A7%E9%98%AA%E5%B8%82%20%E8%87%AA%E8%BB%A2%E8%BB%8A%E3%83%98%E3%83%AB%E3%83%A1%E3%83%83%E3%83%88%E8%B3%BC%E5%85%A5%E8%A3%9C%E5%8A%A9","テンプレート（中部・関西Phase3）"
"277","大阪府","大阪市","高齢者外出支援敬老パス","福祉","年最大3,500円","hasElderly","通年","大阪市 福祉局","https://www.city.osaka.lg.jp/","https://www.google.com/search?q=%E5%A4%A7%E9%98%AA%E5%BA%9C%20%E5%A4%A7%E9%98%AA%E5%B8%82%20%E9%AB%98%E9%BD%A2%E8%80%85%E5%A4%96%E5%87%BA%E6%94%AF%E6%8F%B4%E6%95%AC%E8%80%81%E3%83%91%E3%82%B9","テンプレート（中部・関西Phase3）"
"278","大阪府","堺市","給食費無償化","子育て","給食費全額","hasChildren","通年","堺市 教育委員会","https://www.city.sakai.lg.jp/","https://www.google.com/search?q=%E5%A4%A7%E9%98%AA%E5%BA%9C%20%E5%A0%BA%E5%B8%82%20%E7%B5%A6%E9%A3%9F%E8%B2%BB%E7%84%A1%E5%84%9F%E5%8C%96","テンプレート（中部・関西Phase3）"
"279","大阪府","堺市","木造住宅耐震改修補助","住まい","最大80万円","ownsHome","令和8年2月28日まで","堺市 建築都市局","https://www.city.sakai.lg.jp/","https://www.google.com/search?q=%E5%A4%A7%E9%98%AA%E5%BA%9C%20%E5%A0%BA%E5%B8%82%20%E6%9C%A8%E9%80%A0%E4%BD%8F%E5%AE%85%E8%80%90%E9%9C%87%E6%94%B9%E4%BF%AE%E8%A3%9C%E5%8A%A9","テンプレート（中部・関西Phase3）"
"280","大阪府","堺市","省エネリフォーム補助","エコ","最大30万円","ownsHome","令和8年1月31日まで","堺市 環境局","https://www.city.sakai.lg.jp/","https://www.google.com/search?q=%E5%A4%A7%E9%98%AA%E5%BA%9C%20%E5%A0%BA%E5%B8%82%20%E7%9C%81%E3%82%A8%E3%83%8D%E3%83%AA%E3%83%95%E3%82%A9%E3%83%BC%E3%83%A0%E8%A3%9C%E5%8A%A9","テンプレート（中部・関西Phase3）"
"281","大阪府","吹田市","こども医療費助成","子育て","18歳まで無料","hasChildren","通年","吹田市 児童部","https://www.city.suita.osaka.jp/","https://www.google.com/search?q=%E5%A4%A7%E9%98%AA%E5%BA%9C%20%E5%90%B9%E7%94%B0%E5%B8%82%20%E3%81%93%E3%81%A9%E3%82%82%E5%8C%BB%E7%99%82%E8%B2%BB%E5%8A%A9%E6%88%90","テンプレート（中部・関西Phase3）"
"282","大阪府","吹田市","給食費無償化","子育て","給食費全額","hasChildren","通年","吹田市 教育委員会","https://www.city.suita.osaka.jp/","https://www.google.com/search?q=%E5%A4%A7%E9%98%AA%E5%BA%9C%20%E5%90%B9%E7%94%B0%E5%B8%82%20%E7%B5%A6%E9%A3%9F%E8%B2%BB%E7%84%A1%E5%84%9F%E5%8C%96","テンプレート（中部・関西Phase3）"
"283","大阪府","吹田市","太陽光発電設置補助","エコ","最大15万円","ownsHome","令和8年2月28日まで","吹田市 環境部","https://www.city.suita.osaka.jp/","https://www.google.com/search?q=%E5%A4%A7%E9%98%AA%E5%BA%9C%20%E5%90%B9%E7%94%B0%E5%B8%82%20%E5%A4%AA%E9%99%BD%E5%85%89%E7%99%BA%E9%9B%BB%E8%A8%AD%E7%BD%AE%E8%A3%9C%E5%8A%A9","テンプレート（中部・関西Phase3）"
"284","大阪府","東大阪市","こども医療費助成","子育て","中学生まで無料","hasChildren","通年","東大阪市 子どもすこやか部","https://www.city.higashiosaka.lg.jp/","https://www.google.com/search?q=%E5%A4%A7%E9%98%AA%E5%BA%9C%20%E6%9D%B1%E5%A4%A7%E9%98%AA%E5%B8%82%20%E3%81%93%E3%81%A9%E3%82%82%E5%8C%BB%E7%99%82%E8%B2%BB%E5%8A%A9%E6%88%90","テンプレート（中部・関西Phase3）"
"285","大阪府","東大阪市","創業支援補助金","ユニーク","最大50万円","all","令和8年3月31日まで","東大阪市 経済部","https://www.city.higashiosaka.lg.jp/","https://www.google.com/search?q=%E5%A4%A7%E9%98%AA%E5%BA%9C%20%E6%9D%B1%E5%A4%A7%E9%98%AA%E5%B8%82%20%E5%89%B5%E6%A5%AD%E6%94%AF%E6%8F%B4%E8%A3%9C%E5%8A%A9%E9%87%91","テンプレート（中部・関西Phase3）"
"286","大阪府","東大阪市","自転車ヘルメット購入補助","安全","最大2,000円","usesBike","令和8年3月31日まで","東大阪市 環境部","https://www.city.higashiosaka.lg.jp/","https://www.google.com/search?q=%E5%A4%A7%E9%98%AA%E5%BA%9C%20%E6%9D%B1%E5%A4%A7%E9%98%AA%E5%B8%82%20%E8%87%AA%E8%BB%A2%E8%BB%8A%E3%83%98%E3%83%AB%E3%83%A1%E3%83%83%E3%83%88%E8%B3%BC%E5%85%A5%E8%A3%9C%E5%8A%A9","テンプレート（中部・関西Phase3）"
"287","京都府","京都市","学生支援家賃補助","ユニーク","月最大5万円","all","令和8年3月31日まで","京都市 都市計画局","https://www.city.kyoto.lg.jp/","https://www.google.com/search?q=%E4%BA%AC%E9%83%BD%E5%BA%9C%20%E4%BA%AC%E9%83%BD%E5%B8%82%20%E5%AD%A6%E7%94%9F%E6%94%AF%E6%8F%B4%E5%AE%B6%E8%B3%83%E8%A3%9C%E5%8A%A9","テンプレート（中部・関西Phase3）"
"288","京都府","京都市","木造住宅耐震改修補助","住まい","最大100万円","ownsHome","令和8年2月28日まで","京都市 都市計画局","https://www.city.kyoto.lg.jp/","https://www.google.com/search?q=%E4%BA%AC%E9%83%BD%E5%BA%9C%20%E4%BA%AC%E9%83%BD%E5%B8%82%20%E6%9C%A8%E9%80%A0%E4%BD%8F%E5%AE%85%E8%80%90%E9%9C%87%E6%94%B9%E4%BF%AE%E8%A3%9C%E5%8A%A9","テンプレート（中部・関西Phase3）"
"289","京都府","京都市","子ども医療費支給制度","子育て","1医療機関200円/月（小学生まで）","hasChildren","通年","京都市 子ども家庭支援課分室 子ども医療担当（075-222-3777）","https://www.city.kyoto.lg.jp/","https://www.google.com/search?q=%E4%BA%AC%E9%83%BD%E5%BA%9C%20%E4%BA%AC%E9%83%BD%E5%B8%82%20%E5%AD%90%E3%81%A9%E3%82%82%E5%8C%BB%E7%99%82%E8%B2%BB%E6%94%AF%E7%B5%A6%E5%88%B6%E5%BA%A6","✓ 公式確認済み"
"290","兵庫県","神戸市","こども医療費助成","子育て","0〜2歳無料・3歳〜高校生は400円/日上限","hasChildren","通年","神戸市 福祉局 国保年金医療課","https://www.city.kobe.lg.jp/","https://www.google.com/search?q=%E5%85%B5%E5%BA%AB%E7%9C%8C%20%E7%A5%9E%E6%88%B8%E5%B8%82%20%E3%81%93%E3%81%A9%E3%82%82%E5%8C%BB%E7%99%82%E8%B2%BB%E5%8A%A9%E6%88%90","✓ 公式確認済み"
"291","兵庫県","神戸市","木造住宅耐震改修補助","住まい","最大100万円","ownsHome","令和8年2月28日まで","神戸市 住宅都市局","https://www.city.kobe.lg.jp/","https://www.google.com/search?q=%E5%85%B5%E5%BA%AB%E7%9C%8C%20%E7%A5%9E%E6%88%B8%E5%B8%82%20%E6%9C%A8%E9%80%A0%E4%BD%8F%E5%AE%85%E8%80%90%E9%9C%87%E6%94%B9%E4%BF%AE%E8%A3%9C%E5%8A%A9","テンプレート（中部・関西Phase3）"
"292","兵庫県","神戸市","子育て世帯家賃補助","住まい","月最大3万円","hasChildren","令和8年3月31日まで","神戸市 こども家庭局","https://www.city.kobe.lg.jp/","https://www.google.com/search?q=%E5%85%B5%E5%BA%AB%E7%9C%8C%20%E7%A5%9E%E6%88%B8%E5%B8%82%20%E5%AD%90%E8%82%B2%E3%81%A6%E4%B8%96%E5%B8%AF%E5%AE%B6%E8%B3%83%E8%A3%9C%E5%8A%A9","テンプレート（中部・関西Phase3）"
"293","兵庫県","西宮市","こども医療費助成","子育て","18歳まで無料","hasChildren","通年","西宮市 こども支援局","https://www.nishi.or.jp/","https://www.google.com/search?q=%E5%85%B5%E5%BA%AB%E7%9C%8C%20%E8%A5%BF%E5%AE%AE%E5%B8%82%20%E3%81%93%E3%81%A9%E3%82%82%E5%8C%BB%E7%99%82%E8%B2%BB%E5%8A%A9%E6%88%90","テンプレート（中部・関西Phase3）"
"294","兵庫県","西宮市","自転車ヘルメット購入補助","安全","最大2,000円","usesBike","令和8年3月31日まで","西宮市 都市局","https://www.nishi.or.jp/","https://www.google.com/search?q=%E5%85%B5%E5%BA%AB%E7%9C%8C%20%E8%A5%BF%E5%AE%AE%E5%B8%82%20%E8%87%AA%E8%BB%A2%E8%BB%8A%E3%83%98%E3%83%AB%E3%83%A1%E3%83%83%E3%83%88%E8%B3%BC%E5%85%A5%E8%A3%9C%E5%8A%A9","テンプレート（中部・関西Phase3）"
"295","兵庫県","西宮市","省エネ家電買い替え補助","エコ","最大3万円","all","令和8年1月31日まで","西宮市 環境局","https://www.nishi.or.jp/","https://www.google.com/search?q=%E5%85%B5%E5%BA%AB%E7%9C%8C%20%E8%A5%BF%E5%AE%AE%E5%B8%82%20%E7%9C%81%E3%82%A8%E3%83%8D%E5%AE%B6%E9%9B%BB%E8%B2%B7%E3%81%84%E6%9B%BF%E3%81%88%E8%A3%9C%E5%8A%A9","テンプレート（中部・関西Phase3）"
"296","兵庫県","明石市","おむつ定期便","子育て","毎月無料","hasChildren","通年","明石市 こども局","https://www.city.akashi.lg.jp/","https://www.google.com/search?q=%E5%85%B5%E5%BA%AB%E7%9C%8C%20%E6%98%8E%E7%9F%B3%E5%B8%82%20%E3%81%8A%E3%82%80%E3%81%A4%E5%AE%9A%E6%9C%9F%E4%BE%BF","テンプレート（中部・関西Phase3）"
"297","兵庫県","明石市","第2子以降保育料無料","子育て","保育料全額","hasChildren","通年","明石市 こども局","https://www.city.akashi.lg.jp/","https://www.google.com/search?q=%E5%85%B5%E5%BA%AB%E7%9C%8C%20%E6%98%8E%E7%9F%B3%E5%B8%82%20%E7%AC%AC2%E5%AD%90%E4%BB%A5%E9%99%8D%E4%BF%9D%E8%82%B2%E6%96%99%E7%84%A1%E6%96%99","テンプレート（中部・関西Phase3）"
"298","兵庫県","明石市","18歳までの医療費完全無料","子育て","医療費全額無料","hasChildren","通年","明石市 健康福祉部","https://www.city.akashi.lg.jp/","https://www.google.com/search?q=%E5%85%B5%E5%BA%AB%E7%9C%8C%20%E6%98%8E%E7%9F%B3%E5%B8%82%2018%E6%AD%B3%E3%81%BE%E3%81%A7%E3%81%AE%E5%8C%BB%E7%99%82%E8%B2%BB%E5%AE%8C%E5%85%A8%E7%84%A1%E6%96%99","テンプレート（中部・関西Phase3）"
"299","茨城県","水戸市","こども医療費助成","子育て","中学生まで自己負担なし","hasChildren","通年","水戸市 こども育成課","https://www.city.mito.lg.jp/","https://www.google.com/search?q=%E8%8C%A8%E5%9F%8E%E7%9C%8C%20%E6%B0%B4%E6%88%B8%E5%B8%82%20%E3%81%93%E3%81%A9%E3%82%82%E5%8C%BB%E7%99%82%E8%B2%BB%E5%8A%A9%E6%88%90","テンプレート（北関東Phase4）"
"300","茨城県","水戸市","木造住宅耐震改修補助","住まい","最大100万円","ownsHome","令和8年2月28日まで","水戸市 都市計画部","https://www.city.mito.lg.jp/","https://www.google.com/search?q=%E8%8C%A8%E5%9F%8E%E7%9C%8C%20%E6%B0%B4%E6%88%B8%E5%B8%82%20%E6%9C%A8%E9%80%A0%E4%BD%8F%E5%AE%85%E8%80%90%E9%9C%87%E6%94%B9%E4%BF%AE%E8%A3%9C%E5%8A%A9","テンプレート（北関東Phase4）"
"301","茨城県","水戸市","自転車ヘルメット購入補助","安全","最大2,000円","usesBike","令和8年3月31日まで","水戸市 市民協働部","https://www.city.mito.lg.jp/","https://www.google.com/search?q=%E8%8C%A8%E5%9F%8E%E7%9C%8C%20%E6%B0%B4%E6%88%B8%E5%B8%82%20%E8%87%AA%E8%BB%A2%E8%BB%8A%E3%83%98%E3%83%AB%E3%83%A1%E3%83%83%E3%83%88%E8%B3%BC%E5%85%A5%E8%A3%9C%E5%8A%A9","テンプレート（北関東Phase4）"
"302","茨城県","つくば市","こども医療費助成","子育て","高校生まで自己負担なし","hasChildren","通年","つくば市 こども部","https://www.city.tsukuba.lg.jp/","https://www.google.com/search?q=%E8%8C%A8%E5%9F%8E%E7%9C%8C%20%E3%81%A4%E3%81%8F%E3%81%B0%E5%B8%82%20%E3%81%93%E3%81%A9%E3%82%82%E5%8C%BB%E7%99%82%E8%B2%BB%E5%8A%A9%E6%88%90","テンプレート（北関東Phase4）"
"303","茨城県","つくば市","太陽光発電設置補助","エコ","最大15万円","ownsHome","令和8年2月28日まで","つくば市 環境政策課","https://www.city.tsukuba.lg.jp/","https://www.google.com/search?q=%E8%8C%A8%E5%9F%8E%E7%9C%8C%20%E3%81%A4%E3%81%8F%E3%81%B0%E5%B8%82%20%E5%A4%AA%E9%99%BD%E5%85%89%E7%99%BA%E9%9B%BB%E8%A8%AD%E7%BD%AE%E8%A3%9C%E5%8A%A9","テンプレート（北関東Phase4）"
"304","茨城県","つくば市","移住・定住促進奨励金","ユニーク","最大100万円","all","令和8年3月31日まで","つくば市 政策イノベーション部","https://www.city.tsukuba.lg.jp/","https://www.google.com/search?q=%E8%8C%A8%E5%9F%8E%E7%9C%8C%20%E3%81%A4%E3%81%8F%E3%81%B0%E5%B8%82%20%E7%A7%BB%E4%BD%8F%E3%83%BB%E5%AE%9A%E4%BD%8F%E4%BF%83%E9%80%B2%E5%A5%A8%E5%8A%B1%E9%87%91","テンプレート（北関東Phase4）"
"305","茨城県","日立市","こども医療費助成","子育て","中学生まで無料","hasChildren","通年","日立市 保健福祉部","https://www.city.hitachi.lg.jp/","https://www.google.com/search?q=%E8%8C%A8%E5%9F%8E%E7%9C%8C%20%E6%97%A5%E7%AB%8B%E5%B8%82%20%E3%81%93%E3%81%A9%E3%82%82%E5%8C%BB%E7%99%82%E8%B2%BB%E5%8A%A9%E6%88%90","テンプレート（北関東Phase4）"
"306","茨城県","日立市","結婚新生活支援補助","生活支援","最大30万円","all","令和8年3月31日まで","日立市 生活環境部","https://www.city.hitachi.lg.jp/","https://www.google.com/search?q=%E8%8C%A8%E5%9F%8E%E7%9C%8C%20%E6%97%A5%E7%AB%8B%E5%B8%82%20%E7%B5%90%E5%A9%9A%E6%96%B0%E7%94%9F%E6%B4%BB%E6%94%AF%E6%8F%B4%E8%A3%9C%E5%8A%A9","テンプレート（北関東Phase4）"
"307","茨城県","日立市","高齢者外出支援タクシー券","福祉","年最大24,000円分","hasElderly","通年","日立市 保健福祉部","https://www.city.hitachi.lg.jp/","https://www.google.com/search?q=%E8%8C%A8%E5%9F%8E%E7%9C%8C%20%E6%97%A5%E7%AB%8B%E5%B8%82%20%E9%AB%98%E9%BD%A2%E8%80%85%E5%A4%96%E5%87%BA%E6%94%AF%E6%8F%B4%E3%82%BF%E3%82%AF%E3%82%B7%E3%83%BC%E5%88%B8","テンプレート（北関東Phase4）"
"308","栃木県","宇都宮市","こども医療費助成","子育て","中学生まで無料","hasChildren","通年","宇都宮市 子ども家庭部","https://www.city.utsunomiya.lg.jp/","https://www.google.com/search?q=%E6%A0%83%E6%9C%A8%E7%9C%8C%20%E5%AE%87%E9%83%BD%E5%AE%AE%E5%B8%82%20%E3%81%93%E3%81%A9%E3%82%82%E5%8C%BB%E7%99%82%E8%B2%BB%E5%8A%A9%E6%88%90","テンプレート（北関東Phase4）"
"309","栃木県","宇都宮市","自転車ヘルメット購入補助","安全","最大2,000円","usesBike","令和8年3月31日まで","宇都宮市 建設部","https://www.city.utsunomiya.lg.jp/","https://www.google.com/search?q=%E6%A0%83%E6%9C%A8%E7%9C%8C%20%E5%AE%87%E9%83%BD%E5%AE%AE%E5%B8%82%20%E8%87%AA%E8%BB%A2%E8%BB%8A%E3%83%98%E3%83%AB%E3%83%A1%E3%83%83%E3%83%88%E8%B3%BC%E5%85%A5%E8%A3%9C%E5%8A%A9","テンプレート（北関東Phase4）"
"310","栃木県","宇都宮市","木造住宅耐震改修補助","住まい","最大100万円","ownsHome","令和8年2月28日まで","宇都宮市 都市建設部","https://www.city.utsunomiya.lg.jp/","https://www.google.com/search?q=%E6%A0%83%E6%9C%A8%E7%9C%8C%20%E5%AE%87%E9%83%BD%E5%AE%AE%E5%B8%82%20%E6%9C%A8%E9%80%A0%E4%BD%8F%E5%AE%85%E8%80%90%E9%9C%87%E6%94%B9%E4%BF%AE%E8%A3%9C%E5%8A%A9","テンプレート（北関東Phase4）"
"311","栃木県","小山市","こども医療費助成","子育て","中学生まで無料","hasChildren","通年","小山市 子ども家庭課","https://www.city.oyama.tochigi.jp/","https://www.google.com/search?q=%E6%A0%83%E6%9C%A8%E7%9C%8C%20%E5%B0%8F%E5%B1%B1%E5%B8%82%20%E3%81%93%E3%81%A9%E3%82%82%E5%8C%BB%E7%99%82%E8%B2%BB%E5%8A%A9%E6%88%90","テンプレート（北関東Phase4）"
"312","栃木県","小山市","太陽光発電設置補助","エコ","最大10万円","ownsHome","令和8年2月28日まで","小山市 環境課","https://www.city.oyama.tochigi.jp/","https://www.google.com/search?q=%E6%A0%83%E6%9C%A8%E7%9C%8C%20%E5%B0%8F%E5%B1%B1%E5%B8%82%20%E5%A4%AA%E9%99%BD%E5%85%89%E7%99%BA%E9%9B%BB%E8%A8%AD%E7%BD%AE%E8%A3%9C%E5%8A%A9","テンプレート（北関東Phase4）"
"313","栃木県","小山市","結婚新生活支援補助","生活支援","最大30万円","all","令和8年3月31日まで","小山市 結婚新生活支援課","https://www.city.oyama.tochigi.jp/","https://www.google.com/search?q=%E6%A0%83%E6%9C%A8%E7%9C%8C%20%E5%B0%8F%E5%B1%B1%E5%B8%82%20%E7%B5%90%E5%A9%9A%E6%96%B0%E7%94%9F%E6%B4%BB%E6%94%AF%E6%8F%B4%E8%A3%9C%E5%8A%A9","テンプレート（北関東Phase4）"
"314","栃木県","足利市","こども医療費助成","子育て","中学生まで無料","hasChildren","通年","足利市 健康福祉部","https://www.city.ashikaga.tochigi.jp/","https://www.google.com/search?q=%E6%A0%83%E6%9C%A8%E7%9C%8C%20%E8%B6%B3%E5%88%A9%E5%B8%82%20%E3%81%93%E3%81%A9%E3%82%82%E5%8C%BB%E7%99%82%E8%B2%BB%E5%8A%A9%E6%88%90","テンプレート（北関東Phase4）"
"315","栃木県","足利市","移住促進補助金","ユニーク","最大50万円","all","令和8年3月31日まで","足利市 企画政策課","https://www.city.ashikaga.tochigi.jp/","https://www.google.com/search?q=%E6%A0%83%E6%9C%A8%E7%9C%8C%20%E8%B6%B3%E5%88%A9%E5%B8%82%20%E7%A7%BB%E4%BD%8F%E4%BF%83%E9%80%B2%E8%A3%9C%E5%8A%A9%E9%87%91","テンプレート（北関東Phase4）"
"316","栃木県","足利市","省エネ家電買い替え補助","エコ","最大3万円","all","令和8年1月31日まで","足利市 生活環境部","https://www.city.ashikaga.tochigi.jp/","https://www.google.com/search?q=%E6%A0%83%E6%9C%A8%E7%9C%8C%20%E8%B6%B3%E5%88%A9%E5%B8%82%20%E7%9C%81%E3%82%A8%E3%83%8D%E5%AE%B6%E9%9B%BB%E8%B2%B7%E3%81%84%E6%9B%BF%E3%81%88%E8%A3%9C%E5%8A%A9","テンプレート（北関東Phase4）"
"317","群馬県","前橋市","こども医療費助成","子育て","中学生まで無料","hasChildren","通年","前橋市 こども家庭部","https://www.city.maebashi.gunma.jp/","https://www.google.com/search?q=%E7%BE%A4%E9%A6%AC%E7%9C%8C%20%E5%89%8D%E6%A9%8B%E5%B8%82%20%E3%81%93%E3%81%A9%E3%82%82%E5%8C%BB%E7%99%82%E8%B2%BB%E5%8A%A9%E6%88%90","テンプレート（北関東Phase4）"
"318","群馬県","前橋市","木造住宅耐震改修補助","住まい","最大100万円","ownsHome","令和8年2月28日まで","前橋市 建設部","https://www.city.maebashi.gunma.jp/","https://www.google.com/search?q=%E7%BE%A4%E9%A6%AC%E7%9C%8C%20%E5%89%8D%E6%A9%8B%E5%B8%82%20%E6%9C%A8%E9%80%A0%E4%BD%8F%E5%AE%85%E8%80%90%E9%9C%87%E6%94%B9%E4%BF%AE%E8%A3%9C%E5%8A%A9","テンプレート（北関東Phase4）"
"319","群馬県","前橋市","結婚新生活支援補助","生活支援","最大30万円","all","令和8年3月31日まで","前橋市 政策部","https://www.city.maebashi.gunma.jp/","https://www.google.com/search?q=%E7%BE%A4%E9%A6%AC%E7%9C%8C%20%E5%89%8D%E6%A9%8B%E5%B8%82%20%E7%B5%90%E5%A9%9A%E6%96%B0%E7%94%9F%E6%B4%BB%E6%94%AF%E6%8F%B4%E8%A3%9C%E5%8A%A9","テンプレート（北関東Phase4）"
"320","群馬県","高崎市","こども医療費助成","子育て","中学生まで無料","hasChildren","通年","高崎市 こども育成部","https://www.city.takasaki.gunma.jp/","https://www.google.com/search?q=%E7%BE%A4%E9%A6%AC%E7%9C%8C%20%E9%AB%98%E5%B4%8E%E5%B8%82%20%E3%81%93%E3%81%A9%E3%82%82%E5%8C%BB%E7%99%82%E8%B2%BB%E5%8A%A9%E6%88%90","テンプレート（北関東Phase4）"
"321","群馬県","高崎市","出産祝い金","子育て","最大10万円","hasChildren","通年","高崎市 健康福祉部","https://www.city.takasaki.gunma.jp/","https://www.google.com/search?q=%E7%BE%A4%E9%A6%AC%E7%9C%8C%20%E9%AB%98%E5%B4%8E%E5%B8%82%20%E5%87%BA%E7%94%A3%E7%A5%9D%E3%81%84%E9%87%91","テンプレート（北関東Phase4）"
"322","群馬県","高崎市","自転車ヘルメット購入補助","安全","最大2,000円","usesBike","令和8年3月31日まで","高崎市 都市整備部","https://www.city.takasaki.gunma.jp/","https://www.google.com/search?q=%E7%BE%A4%E9%A6%AC%E7%9C%8C%20%E9%AB%98%E5%B4%8E%E5%B8%82%20%E8%87%AA%E8%BB%A2%E8%BB%8A%E3%83%98%E3%83%AB%E3%83%A1%E3%83%83%E3%83%88%E8%B3%BC%E5%85%A5%E8%A3%9C%E5%8A%A9","テンプレート（北関東Phase4）"
"323","群馬県","太田市","こども医療費助成","子育て","中学生まで無料","hasChildren","通年","太田市 福祉こども部","https://www.city.ota.gunma.jp/","https://www.google.com/search?q=%E7%BE%A4%E9%A6%AC%E7%9C%8C%20%E5%A4%AA%E7%94%B0%E5%B8%82%20%E3%81%93%E3%81%A9%E3%82%82%E5%8C%BB%E7%99%82%E8%B2%BB%E5%8A%A9%E6%88%90","テンプレート（北関東Phase4）"
"324","群馬県","太田市","太陽光発電設置補助","エコ","最大10万円","ownsHome","令和8年2月28日まで","太田市 産業環境部","https://www.city.ota.gunma.jp/","https://www.google.com/search?q=%E7%BE%A4%E9%A6%AC%E7%9C%8C%20%E5%A4%AA%E7%94%B0%E5%B8%82%20%E5%A4%AA%E9%99%BD%E5%85%89%E7%99%BA%E9%9B%BB%E8%A8%AD%E7%BD%AE%E8%A3%9C%E5%8A%A9","テンプレート（北関東Phase4）"
"325","群馬県","太田市","高齢者住宅改修費助成","福祉","最大18万円","hasElderly","通年","太田市 福祉こども部","https://www.city.ota.gunma.jp/","https://www.google.com/search?q=%E7%BE%A4%E9%A6%AC%E7%9C%8C%20%E5%A4%AA%E7%94%B0%E5%B8%82%20%E9%AB%98%E9%BD%A2%E8%80%85%E4%BD%8F%E5%AE%85%E6%94%B9%E4%BF%AE%E8%B2%BB%E5%8A%A9%E6%88%90","テンプレート（北関東Phase4）"
"326","北海道","札幌市","子ども医療費助成","子育て","初診580円・再診無料（所得制限あり）","hasChildren","通年","札幌市 各区役所 保健福祉課 福祉助成係","https://www.city.sapporo.jp/","https://www.google.com/search?q=%E5%8C%97%E6%B5%B7%E9%81%93%20%E6%9C%AD%E5%B9%8C%E5%B8%82%20%E5%AD%90%E3%81%A9%E3%82%82%E5%8C%BB%E7%99%82%E8%B2%BB%E5%8A%A9%E6%88%90","✓ 公式確認済み"
"327","北海道","札幌市","冬の暖房費助成（子育て世帯）","エコ","最大1万円","hasChildren","令和8年3月31日まで","札幌市 子ども未来局","https://www.city.sapporo.jp/","https://www.google.com/search?q=%E5%8C%97%E6%B5%B7%E9%81%93%20%E6%9C%AD%E5%B9%8C%E5%B8%82%20%E5%86%AC%E3%81%AE%E6%9A%96%E6%88%BF%E8%B2%BB%E5%8A%A9%E6%88%90%EF%BC%88%E5%AD%90%E8%82%B2%E3%81%A6%E4%B8%96%E5%B8%AF%EF%BC%89","テンプレート（全国Phase5）"
"328","北海道","札幌市","移住・子育て支援金","ユニーク","最大60万円","all","令和8年3月31日まで","札幌市 まちづくり政策局","https://www.city.sapporo.jp/","https://www.google.com/search?q=%E5%8C%97%E6%B5%B7%E9%81%93%20%E6%9C%AD%E5%B9%8C%E5%B8%82%20%E7%A7%BB%E4%BD%8F%E3%83%BB%E5%AD%90%E8%82%B2%E3%81%A6%E6%94%AF%E6%8F%B4%E9%87%91","テンプレート（全国Phase5）"
"329","青森県","青森市","こども医療費助成","子育て","中学生まで無料","hasChildren","通年","青森市 健康部","https://www.city.aomori.aomori.jp/","https://www.google.com/search?q=%E9%9D%92%E6%A3%AE%E7%9C%8C%20%E9%9D%92%E6%A3%AE%E5%B8%82%20%E3%81%93%E3%81%A9%E3%82%82%E5%8C%BB%E7%99%82%E8%B2%BB%E5%8A%A9%E6%88%90","テンプレート（全国Phase5）"
"330","青森県","青森市","移住促進補助金","ユニーク","最大100万円","all","令和8年3月31日まで","青森市 経営戦略部","https://www.city.aomori.aomori.jp/","https://www.google.com/search?q=%E9%9D%92%E6%A3%AE%E7%9C%8C%20%E9%9D%92%E6%A3%AE%E5%B8%82%20%E7%A7%BB%E4%BD%8F%E4%BF%83%E9%80%B2%E8%A3%9C%E5%8A%A9%E9%87%91","テンプレート（全国Phase5）"
"331","青森県","青森市","木造住宅耐震改修補助","住まい","最大100万円","ownsHome","令和8年2月28日まで","青森市 都市整備部","https://www.city.aomori.aomori.jp/","https://www.google.com/search?q=%E9%9D%92%E6%A3%AE%E7%9C%8C%20%E9%9D%92%E6%A3%AE%E5%B8%82%20%E6%9C%A8%E9%80%A0%E4%BD%8F%E5%AE%85%E8%80%90%E9%9C%87%E6%94%B9%E4%BF%AE%E8%A3%9C%E5%8A%A9","テンプレート（全国Phase5）"
"332","岩手県","盛岡市","こども医療費助成","子育て","中学生まで無料","hasChildren","通年","盛岡市 子ども未来部","https://www.city.morioka.iwate.jp/","https://www.google.com/search?q=%E5%B2%A9%E6%89%8B%E7%9C%8C%20%E7%9B%9B%E5%B2%A1%E5%B8%82%20%E3%81%93%E3%81%A9%E3%82%82%E5%8C%BB%E7%99%82%E8%B2%BB%E5%8A%A9%E6%88%90","テンプレート（全国Phase5）"
"333","岩手県","盛岡市","木造住宅耐震改修補助","住まい","最大100万円","ownsHome","令和8年2月28日まで","盛岡市 都市整備部","https://www.city.morioka.iwate.jp/","https://www.google.com/search?q=%E5%B2%A9%E6%89%8B%E7%9C%8C%20%E7%9B%9B%E5%B2%A1%E5%B8%82%20%E6%9C%A8%E9%80%A0%E4%BD%8F%E5%AE%85%E8%80%90%E9%9C%87%E6%94%B9%E4%BF%AE%E8%A3%9C%E5%8A%A9","テンプレート（全国Phase5）"
"334","岩手県","盛岡市","結婚新生活支援補助","生活支援","最大30万円","all","令和8年3月31日まで","盛岡市 子ども未来部","https://www.city.morioka.iwate.jp/","https://www.google.com/search?q=%E5%B2%A9%E6%89%8B%E7%9C%8C%20%E7%9B%9B%E5%B2%A1%E5%B8%82%20%E7%B5%90%E5%A9%9A%E6%96%B0%E7%94%9F%E6%B4%BB%E6%94%AF%E6%8F%B4%E8%A3%9C%E5%8A%A9","テンプレート（全国Phase5）"
"335","宮城県","仙台市","子ども医療費助成","子育て","令和8年4月から自己負担なし","hasChildren","通年","仙台市 子供未来局 こども家庭保健課","https://www.city.sendai.jp/","https://www.google.com/search?q=%E5%AE%AE%E5%9F%8E%E7%9C%8C%20%E4%BB%99%E5%8F%B0%E5%B8%82%20%E5%AD%90%E3%81%A9%E3%82%82%E5%8C%BB%E7%99%82%E8%B2%BB%E5%8A%A9%E6%88%90","✓ 公式確認済み"
"336","宮城県","仙台市","第3子以降の保育料無料","子育て","保育料全額","hasChildren","通年","仙台市 子供未来局","https://www.city.sendai.jp/","https://www.google.com/search?q=%E5%AE%AE%E5%9F%8E%E7%9C%8C%20%E4%BB%99%E5%8F%B0%E5%B8%82%20%E7%AC%AC3%E5%AD%90%E4%BB%A5%E9%99%8D%E3%81%AE%E4%BF%9D%E8%82%B2%E6%96%99%E7%84%A1%E6%96%99","テンプレート（全国Phase5）"
"337","宮城県","仙台市","産後ケア事業","子育て","最大7日間補助","hasChildren","通年","仙台市 健康福祉局","https://www.city.sendai.jp/","https://www.google.com/search?q=%E5%AE%AE%E5%9F%8E%E7%9C%8C%20%E4%BB%99%E5%8F%B0%E5%B8%82%20%E7%94%A3%E5%BE%8C%E3%82%B1%E3%82%A2%E4%BA%8B%E6%A5%AD","テンプレート（全国Phase5）"
"338","秋田県","秋田市","こども医療費助成","子育て","中学生まで無料","hasChildren","通年","秋田市 子ども未来部","https://www.city.akita.lg.jp/","https://www.google.com/search?q=%E7%A7%8B%E7%94%B0%E7%9C%8C%20%E7%A7%8B%E7%94%B0%E5%B8%82%20%E3%81%93%E3%81%A9%E3%82%82%E5%8C%BB%E7%99%82%E8%B2%BB%E5%8A%A9%E6%88%90","テンプレート（全国Phase5）"
"339","秋田県","秋田市","移住促進補助金","ユニーク","最大100万円","all","令和8年3月31日まで","秋田市 企画財政部","https://www.city.akita.lg.jp/","https://www.google.com/search?q=%E7%A7%8B%E7%94%B0%E7%9C%8C%20%E7%A7%8B%E7%94%B0%E5%B8%82%20%E7%A7%BB%E4%BD%8F%E4%BF%83%E9%80%B2%E8%A3%9C%E5%8A%A9%E9%87%91","テンプレート（全国Phase5）"
"340","秋田県","秋田市","結婚新生活支援補助","生活支援","最大30万円","all","令和8年3月31日まで","秋田市 子ども未来部","https://www.city.akita.lg.jp/","https://www.google.com/search?q=%E7%A7%8B%E7%94%B0%E7%9C%8C%20%E7%A7%8B%E7%94%B0%E5%B8%82%20%E7%B5%90%E5%A9%9A%E6%96%B0%E7%94%9F%E6%B4%BB%E6%94%AF%E6%8F%B4%E8%A3%9C%E5%8A%A9","テンプレート（全国Phase5）"
"341","山形県","山形市","こども医療費助成","子育て","中学生まで無料","hasChildren","通年","山形市 子育て推進部","https://www.city.yamagata-yamagata.lg.jp/","https://www.google.com/search?q=%E5%B1%B1%E5%BD%A2%E7%9C%8C%20%E5%B1%B1%E5%BD%A2%E5%B8%82%20%E3%81%93%E3%81%A9%E3%82%82%E5%8C%BB%E7%99%82%E8%B2%BB%E5%8A%A9%E6%88%90","テンプレート（全国Phase5）"
"342","山形県","山形市","木造住宅耐震改修補助","住まい","最大100万円","ownsHome","令和8年2月28日まで","山形市 まちづくり政策部","https://www.city.yamagata-yamagata.lg.jp/","https://www.google.com/search?q=%E5%B1%B1%E5%BD%A2%E7%9C%8C%20%E5%B1%B1%E5%BD%A2%E5%B8%82%20%E6%9C%A8%E9%80%A0%E4%BD%8F%E5%AE%85%E8%80%90%E9%9C%87%E6%94%B9%E4%BF%AE%E8%A3%9C%E5%8A%A9","テンプレート（全国Phase5）"
"343","山形県","山形市","結婚新生活支援補助","生活支援","最大30万円","all","令和8年3月31日まで","山形市 健康医療部","https://www.city.yamagata-yamagata.lg.jp/","https://www.google.com/search?q=%E5%B1%B1%E5%BD%A2%E7%9C%8C%20%E5%B1%B1%E5%BD%A2%E5%B8%82%20%E7%B5%90%E5%A9%9A%E6%96%B0%E7%94%9F%E6%B4%BB%E6%94%AF%E6%8F%B4%E8%A3%9C%E5%8A%A9","テンプレート（全国Phase5）"
"344","福島県","福島市","こども医療費助成","子育て","高校生まで無料","hasChildren","通年","福島市 こども未来部","https://www.city.fukushima.fukushima.jp/","https://www.google.com/search?q=%E7%A6%8F%E5%B3%B6%E7%9C%8C%20%E7%A6%8F%E5%B3%B6%E5%B8%82%20%E3%81%93%E3%81%A9%E3%82%82%E5%8C%BB%E7%99%82%E8%B2%BB%E5%8A%A9%E6%88%90","テンプレート（全国Phase5）"
"345","福島県","福島市","木造住宅耐震改修補助","住まい","最大100万円","ownsHome","令和8年2月28日まで","福島市 都市政策部","https://www.city.fukushima.fukushima.jp/","https://www.google.com/search?q=%E7%A6%8F%E5%B3%B6%E7%9C%8C%20%E7%A6%8F%E5%B3%B6%E5%B8%82%20%E6%9C%A8%E9%80%A0%E4%BD%8F%E5%AE%85%E8%80%90%E9%9C%87%E6%94%B9%E4%BF%AE%E8%A3%9C%E5%8A%A9","テンプレート（全国Phase5）"
"346","福島県","福島市","太陽光発電設置補助","エコ","最大15万円","ownsHome","令和8年2月28日まで","福島市 環境部","https://www.city.fukushima.fukushima.jp/","https://www.google.com/search?q=%E7%A6%8F%E5%B3%B6%E7%9C%8C%20%E7%A6%8F%E5%B3%B6%E5%B8%82%20%E5%A4%AA%E9%99%BD%E5%85%89%E7%99%BA%E9%9B%BB%E8%A8%AD%E7%BD%AE%E8%A3%9C%E5%8A%A9","テンプレート（全国Phase5）"
"347","新潟県","新潟市","こども医療費助成","子育て","入院1日1,200円・通院1日530円","hasChildren","通年","新潟市 こども政策部","https://www.city.niigata.lg.jp/","https://www.google.com/search?q=%E6%96%B0%E6%BD%9F%E7%9C%8C%20%E6%96%B0%E6%BD%9F%E5%B8%82%20%E3%81%93%E3%81%A9%E3%82%82%E5%8C%BB%E7%99%82%E8%B2%BB%E5%8A%A9%E6%88%90","✓ 公式確認済み"
"348","新潟県","新潟市","木造住宅耐震改修補助","住まい","最大100万円","ownsHome","令和8年2月28日まで","新潟市 都市政策部","https://www.city.niigata.lg.jp/","https://www.google.com/search?q=%E6%96%B0%E6%BD%9F%E7%9C%8C%20%E6%96%B0%E6%BD%9F%E5%B8%82%20%E6%9C%A8%E9%80%A0%E4%BD%8F%E5%AE%85%E8%80%90%E9%9C%87%E6%94%B9%E4%BF%AE%E8%A3%9C%E5%8A%A9","テンプレート（全国Phase5）"
"349","新潟県","新潟市","結婚新生活支援補助","生活支援","最大30万円","all","令和8年3月31日まで","新潟市 こども未来部","https://www.city.niigata.lg.jp/","https://www.google.com/search?q=%E6%96%B0%E6%BD%9F%E7%9C%8C%20%E6%96%B0%E6%BD%9F%E5%B8%82%20%E7%B5%90%E5%A9%9A%E6%96%B0%E7%94%9F%E6%B4%BB%E6%94%AF%E6%8F%B4%E8%A3%9C%E5%8A%A9","テンプレート（全国Phase5）"
"350","富山県","富山市","こども医療費助成","子育て","中学生まで無料","hasChildren","通年","富山市 こども家庭部","https://www.city.toyama.toyama.jp/","https://www.google.com/search?q=%E5%AF%8C%E5%B1%B1%E7%9C%8C%20%E5%AF%8C%E5%B1%B1%E5%B8%82%20%E3%81%93%E3%81%A9%E3%82%82%E5%8C%BB%E7%99%82%E8%B2%BB%E5%8A%A9%E6%88%90","テンプレート（全国Phase5）"
"351","富山県","富山市","結婚新生活支援補助","生活支援","最大30万円","all","令和8年3月31日まで","富山市 企画管理部","https://www.city.toyama.toyama.jp/","https://www.google.com/search?q=%E5%AF%8C%E5%B1%B1%E7%9C%8C%20%E5%AF%8C%E5%B1%B1%E5%B8%82%20%E7%B5%90%E5%A9%9A%E6%96%B0%E7%94%9F%E6%B4%BB%E6%94%AF%E6%8F%B4%E8%A3%9C%E5%8A%A9","テンプレート（全国Phase5）"
"352","富山県","富山市","木造住宅耐震改修補助","住まい","最大100万円","ownsHome","令和8年2月28日まで","富山市 都市整備部","https://www.city.toyama.toyama.jp/","https://www.google.com/search?q=%E5%AF%8C%E5%B1%B1%E7%9C%8C%20%E5%AF%8C%E5%B1%B1%E5%B8%82%20%E6%9C%A8%E9%80%A0%E4%BD%8F%E5%AE%85%E8%80%90%E9%9C%87%E6%94%B9%E4%BF%AE%E8%A3%9C%E5%8A%A9","テンプレート（全国Phase5）"
"353","石川県","金沢市","こども医療費助成","子育て","中学生まで無料","hasChildren","通年","金沢市 こども未来部","https://www4.city.kanazawa.lg.jp/","https://www.google.com/search?q=%E7%9F%B3%E5%B7%9D%E7%9C%8C%20%E9%87%91%E6%B2%A2%E5%B8%82%20%E3%81%93%E3%81%A9%E3%82%82%E5%8C%BB%E7%99%82%E8%B2%BB%E5%8A%A9%E6%88%90","テンプレート（全国Phase5）"
"354","石川県","金沢市","伝統建築物保存改修補助","ユニーク","最大200万円","ownsHome","令和8年3月31日まで","金沢市 都市整備局","https://www4.city.kanazawa.lg.jp/","https://www.google.com/search?q=%E7%9F%B3%E5%B7%9D%E7%9C%8C%20%E9%87%91%E6%B2%A2%E5%B8%82%20%E4%BC%9D%E7%B5%B1%E5%BB%BA%E7%AF%89%E7%89%A9%E4%BF%9D%E5%AD%98%E6%94%B9%E4%BF%AE%E8%A3%9C%E5%8A%A9","テンプレート（全国Phase5）"
"355","石川県","金沢市","結婚新生活支援補助","生活支援","最大30万円","all","令和8年3月31日まで","金沢市 福祉局","https://www4.city.kanazawa.lg.jp/","https://www.google.com/search?q=%E7%9F%B3%E5%B7%9D%E7%9C%8C%20%E9%87%91%E6%B2%A2%E5%B8%82%20%E7%B5%90%E5%A9%9A%E6%96%B0%E7%94%9F%E6%B4%BB%E6%94%AF%E6%8F%B4%E8%A3%9C%E5%8A%A9","テンプレート（全国Phase5）"
"356","福井県","福井市","こども医療費助成","子育て","中学生まで無料","hasChildren","通年","福井市 福祉保健部","https://www.city.fukui.lg.jp/","https://www.google.com/search?q=%E7%A6%8F%E4%BA%95%E7%9C%8C%20%E7%A6%8F%E4%BA%95%E5%B8%82%20%E3%81%93%E3%81%A9%E3%82%82%E5%8C%BB%E7%99%82%E8%B2%BB%E5%8A%A9%E6%88%90","テンプレート（全国Phase5）"
"357","福井県","福井市","移住促進補助金","ユニーク","最大100万円","all","令和8年3月31日まで","福井市 商工労働部","https://www.city.fukui.lg.jp/","https://www.google.com/search?q=%E7%A6%8F%E4%BA%95%E7%9C%8C%20%E7%A6%8F%E4%BA%95%E5%B8%82%20%E7%A7%BB%E4%BD%8F%E4%BF%83%E9%80%B2%E8%A3%9C%E5%8A%A9%E9%87%91","テンプレート（全国Phase5）"
"358","福井県","福井市","結婚新生活支援補助","生活支援","最大30万円","all","令和8年3月31日まで","福井市 福祉保健部","https://www.city.fukui.lg.jp/","https://www.google.com/search?q=%E7%A6%8F%E4%BA%95%E7%9C%8C%20%E7%A6%8F%E4%BA%95%E5%B8%82%20%E7%B5%90%E5%A9%9A%E6%96%B0%E7%94%9F%E6%B4%BB%E6%94%AF%E6%8F%B4%E8%A3%9C%E5%8A%A9","テンプレート（全国Phase5）"
"359","山梨県","甲府市","こども医療費助成","子育て","中学生まで無料","hasChildren","通年","甲府市 子ども未来部","https://www.city.kofu.yamanashi.jp/","https://www.google.com/search?q=%E5%B1%B1%E6%A2%A8%E7%9C%8C%20%E7%94%B2%E5%BA%9C%E5%B8%82%20%E3%81%93%E3%81%A9%E3%82%82%E5%8C%BB%E7%99%82%E8%B2%BB%E5%8A%A9%E6%88%90","テンプレート（全国Phase5）"
"360","山梨県","甲府市","木造住宅耐震改修補助","住まい","最大100万円","ownsHome","令和8年2月28日まで","甲府市 まちづくり部","https://www.city.kofu.yamanashi.jp/","https://www.google.com/search?q=%E5%B1%B1%E6%A2%A8%E7%9C%8C%20%E7%94%B2%E5%BA%9C%E5%B8%82%20%E6%9C%A8%E9%80%A0%E4%BD%8F%E5%AE%85%E8%80%90%E9%9C%87%E6%94%B9%E4%BF%AE%E8%A3%9C%E5%8A%A9","テンプレート（全国Phase5）"
"361","山梨県","甲府市","結婚新生活支援補助","生活支援","最大30万円","all","令和8年3月31日まで","甲府市 子ども未来部","https://www.city.kofu.yamanashi.jp/","https://www.google.com/search?q=%E5%B1%B1%E6%A2%A8%E7%9C%8C%20%E7%94%B2%E5%BA%9C%E5%B8%82%20%E7%B5%90%E5%A9%9A%E6%96%B0%E7%94%9F%E6%B4%BB%E6%94%AF%E6%8F%B4%E8%A3%9C%E5%8A%A9","テンプレート（全国Phase5）"
"362","長野県","長野市","こども医療費助成","子育て","中学生まで無料","hasChildren","通年","長野市 こども未来部","https://www.city.nagano.nagano.jp/","https://www.google.com/search?q=%E9%95%B7%E9%87%8E%E7%9C%8C%20%E9%95%B7%E9%87%8E%E5%B8%82%20%E3%81%93%E3%81%A9%E3%82%82%E5%8C%BB%E7%99%82%E8%B2%BB%E5%8A%A9%E6%88%90","テンプレート（全国Phase5）"
"363","長野県","長野市","移住支援金","ユニーク","最大100万円","all","令和8年3月31日まで","長野市 地域・市民生活部","https://www.city.nagano.nagano.jp/","https://www.google.com/search?q=%E9%95%B7%E9%87%8E%E7%9C%8C%20%E9%95%B7%E9%87%8E%E5%B8%82%20%E7%A7%BB%E4%BD%8F%E6%94%AF%E6%8F%B4%E9%87%91","テンプレート（全国Phase5）"
"364","長野県","長野市","木造住宅耐震改修補助","住まい","最大100万円","ownsHome","令和8年2月28日まで","長野市 都市整備部","https://www.city.nagano.nagano.jp/","https://www.google.com/search?q=%E9%95%B7%E9%87%8E%E7%9C%8C%20%E9%95%B7%E9%87%8E%E5%B8%82%20%E6%9C%A8%E9%80%A0%E4%BD%8F%E5%AE%85%E8%80%90%E9%9C%87%E6%94%B9%E4%BF%AE%E8%A3%9C%E5%8A%A9","テンプレート（全国Phase5）"
"365","三重県","津市","こども医療費助成","子育て","中学生まで無料","hasChildren","通年","津市 健康福祉部","https://www.info.city.tsu.mie.jp/","https://www.google.com/search?q=%E4%B8%89%E9%87%8D%E7%9C%8C%20%E6%B4%A5%E5%B8%82%20%E3%81%93%E3%81%A9%E3%82%82%E5%8C%BB%E7%99%82%E8%B2%BB%E5%8A%A9%E6%88%90","テンプレート（全国Phase5）"
"366","三重県","津市","木造住宅耐震改修補助","住まい","最大100万円","ownsHome","令和8年2月28日まで","津市 都市計画部","https://www.info.city.tsu.mie.jp/","https://www.google.com/search?q=%E4%B8%89%E9%87%8D%E7%9C%8C%20%E6%B4%A5%E5%B8%82%20%E6%9C%A8%E9%80%A0%E4%BD%8F%E5%AE%85%E8%80%90%E9%9C%87%E6%94%B9%E4%BF%AE%E8%A3%9C%E5%8A%A9","テンプレート（全国Phase5）"
"367","三重県","津市","結婚新生活支援補助","生活支援","最大30万円","all","令和8年3月31日まで","津市 こども家庭支援課","https://www.info.city.tsu.mie.jp/","https://www.google.com/search?q=%E4%B8%89%E9%87%8D%E7%9C%8C%20%E6%B4%A5%E5%B8%82%20%E7%B5%90%E5%A9%9A%E6%96%B0%E7%94%9F%E6%B4%BB%E6%94%AF%E6%8F%B4%E8%A3%9C%E5%8A%A9","テンプレート（全国Phase5）"
"368","滋賀県","大津市","こども医療費助成","子育て","中学生まで無料","hasChildren","通年","大津市 こども未来部","https://www.city.otsu.lg.jp/","https://www.google.com/search?q=%E6%BB%8B%E8%B3%80%E7%9C%8C%20%E5%A4%A7%E6%B4%A5%E5%B8%82%20%E3%81%93%E3%81%A9%E3%82%82%E5%8C%BB%E7%99%82%E8%B2%BB%E5%8A%A9%E6%88%90","テンプレート（全国Phase5）"
"369","滋賀県","大津市","結婚新生活支援補助","生活支援","最大30万円","all","令和8年3月31日まで","大津市 福祉子ども部","https://www.city.otsu.lg.jp/","https://www.google.com/search?q=%E6%BB%8B%E8%B3%80%E7%9C%8C%20%E5%A4%A7%E6%B4%A5%E5%B8%82%20%E7%B5%90%E5%A9%9A%E6%96%B0%E7%94%9F%E6%B4%BB%E6%94%AF%E6%8F%B4%E8%A3%9C%E5%8A%A9","テンプレート（全国Phase5）"
"370","滋賀県","大津市","木造住宅耐震改修補助","住まい","最大100万円","ownsHome","令和8年2月28日まで","大津市 都市計画部","https://www.city.otsu.lg.jp/","https://www.google.com/search?q=%E6%BB%8B%E8%B3%80%E7%9C%8C%20%E5%A4%A7%E6%B4%A5%E5%B8%82%20%E6%9C%A8%E9%80%A0%E4%BD%8F%E5%AE%85%E8%80%90%E9%9C%87%E6%94%B9%E4%BF%AE%E8%A3%9C%E5%8A%A9","テンプレート（全国Phase5）"
"371","奈良県","奈良市","こども医療費助成","子育て","中学生まで無料","hasChildren","通年","奈良市 子ども未来部","https://www.city.nara.lg.jp/","https://www.google.com/search?q=%E5%A5%88%E8%89%AF%E7%9C%8C%20%E5%A5%88%E8%89%AF%E5%B8%82%20%E3%81%93%E3%81%A9%E3%82%82%E5%8C%BB%E7%99%82%E8%B2%BB%E5%8A%A9%E6%88%90","テンプレート（全国Phase5）"
"372","奈良県","奈良市","木造住宅耐震改修補助","住まい","最大100万円","ownsHome","令和8年2月28日まで","奈良市 まちづくり部","https://www.city.nara.lg.jp/","https://www.google.com/search?q=%E5%A5%88%E8%89%AF%E7%9C%8C%20%E5%A5%88%E8%89%AF%E5%B8%82%20%E6%9C%A8%E9%80%A0%E4%BD%8F%E5%AE%85%E8%80%90%E9%9C%87%E6%94%B9%E4%BF%AE%E8%A3%9C%E5%8A%A9","テンプレート（全国Phase5）"
"373","奈良県","奈良市","移住促進補助","ユニーク","最大50万円","all","令和8年3月31日まで","奈良市 観光経済部","https://www.city.nara.lg.jp/","https://www.google.com/search?q=%E5%A5%88%E8%89%AF%E7%9C%8C%20%E5%A5%88%E8%89%AF%E5%B8%82%20%E7%A7%BB%E4%BD%8F%E4%BF%83%E9%80%B2%E8%A3%9C%E5%8A%A9","テンプレート（全国Phase5）"
"374","和歌山県","和歌山市","こども医療費助成","子育て","中学生まで無料","hasChildren","通年","和歌山市 福祉局","https://www.city.wakayama.wakayama.jp/","https://www.google.com/search?q=%E5%92%8C%E6%AD%8C%E5%B1%B1%E7%9C%8C%20%E5%92%8C%E6%AD%8C%E5%B1%B1%E5%B8%82%20%E3%81%93%E3%81%A9%E3%82%82%E5%8C%BB%E7%99%82%E8%B2%BB%E5%8A%A9%E6%88%90","テンプレート（全国Phase5）"
"375","和歌山県","和歌山市","木造住宅耐震改修補助","住まい","最大100万円","ownsHome","令和8年2月28日まで","和歌山市 都市建設局","https://www.city.wakayama.wakayama.jp/","https://www.google.com/search?q=%E5%92%8C%E6%AD%8C%E5%B1%B1%E7%9C%8C%20%E5%92%8C%E6%AD%8C%E5%B1%B1%E5%B8%82%20%E6%9C%A8%E9%80%A0%E4%BD%8F%E5%AE%85%E8%80%90%E9%9C%87%E6%94%B9%E4%BF%AE%E8%A3%9C%E5%8A%A9","テンプレート（全国Phase5）"
"376","和歌山県","和歌山市","結婚新生活支援補助","生活支援","最大30万円","all","令和8年3月31日まで","和歌山市 福祉局","https://www.city.wakayama.wakayama.jp/","https://www.google.com/search?q=%E5%92%8C%E6%AD%8C%E5%B1%B1%E7%9C%8C%20%E5%92%8C%E6%AD%8C%E5%B1%B1%E5%B8%82%20%E7%B5%90%E5%A9%9A%E6%96%B0%E7%94%9F%E6%B4%BB%E6%94%AF%E6%8F%B4%E8%A3%9C%E5%8A%A9","テンプレート（全国Phase5）"
"377","鳥取県","鳥取市","こども医療費助成","子育て","中学生まで無料","hasChildren","通年","鳥取市 福祉部","https://www.city.tottori.lg.jp/","https://www.google.com/search?q=%E9%B3%A5%E5%8F%96%E7%9C%8C%20%E9%B3%A5%E5%8F%96%E5%B8%82%20%E3%81%93%E3%81%A9%E3%82%82%E5%8C%BB%E7%99%82%E8%B2%BB%E5%8A%A9%E6%88%90","テンプレート（全国Phase5）"
"378","鳥取県","鳥取市","県産材での家づくり補助","ユニーク","最大50万円","ownsHome","令和8年3月31日まで","鳥取市 都市整備部","https://www.city.tottori.lg.jp/","https://www.google.com/search?q=%E9%B3%A5%E5%8F%96%E7%9C%8C%20%E9%B3%A5%E5%8F%96%E5%B8%82%20%E7%9C%8C%E7%94%A3%E6%9D%90%E3%81%A7%E3%81%AE%E5%AE%B6%E3%81%A5%E3%81%8F%E3%82%8A%E8%A3%9C%E5%8A%A9","テンプレート（全国Phase5）"
"379","鳥取県","鳥取市","結婚新生活支援補助","生活支援","最大30万円","all","令和8年3月31日まで","鳥取市 福祉部","https://www.city.tottori.lg.jp/","https://www.google.com/search?q=%E9%B3%A5%E5%8F%96%E7%9C%8C%20%E9%B3%A5%E5%8F%96%E5%B8%82%20%E7%B5%90%E5%A9%9A%E6%96%B0%E7%94%9F%E6%B4%BB%E6%94%AF%E6%8F%B4%E8%A3%9C%E5%8A%A9","テンプレート（全国Phase5）"
"380","島根県","松江市","こども医療費助成","子育て","中学生まで無料","hasChildren","通年","松江市 子育て部","https://www.city.matsue.lg.jp/","https://www.google.com/search?q=%E5%B3%B6%E6%A0%B9%E7%9C%8C%20%E6%9D%BE%E6%B1%9F%E5%B8%82%20%E3%81%93%E3%81%A9%E3%82%82%E5%8C%BB%E7%99%82%E8%B2%BB%E5%8A%A9%E6%88%90","テンプレート（全国Phase5）"
"381","島根県","松江市","木造住宅耐震改修補助","住まい","最大100万円","ownsHome","令和8年2月28日まで","松江市 都市整備部","https://www.city.matsue.lg.jp/","https://www.google.com/search?q=%E5%B3%B6%E6%A0%B9%E7%9C%8C%20%E6%9D%BE%E6%B1%9F%E5%B8%82%20%E6%9C%A8%E9%80%A0%E4%BD%8F%E5%AE%85%E8%80%90%E9%9C%87%E6%94%B9%E4%BF%AE%E8%A3%9C%E5%8A%A9","テンプレート（全国Phase5）"
"382","島根県","松江市","結婚新生活支援補助","生活支援","最大30万円","all","令和8年3月31日まで","松江市 子育て部","https://www.city.matsue.lg.jp/","https://www.google.com/search?q=%E5%B3%B6%E6%A0%B9%E7%9C%8C%20%E6%9D%BE%E6%B1%9F%E5%B8%82%20%E7%B5%90%E5%A9%9A%E6%96%B0%E7%94%9F%E6%B4%BB%E6%94%AF%E6%8F%B4%E8%A3%9C%E5%8A%A9","テンプレート（全国Phase5）"
"383","岡山県","岡山市","子ども医療費助成制度","子育て","高校生年代まで助成","hasChildren","通年","岡山市 医療助成課","https://www.city.okayama.jp/","https://www.google.com/search?q=%E5%B2%A1%E5%B1%B1%E7%9C%8C%20%E5%B2%A1%E5%B1%B1%E5%B8%82%20%E5%AD%90%E3%81%A9%E3%82%82%E5%8C%BB%E7%99%82%E8%B2%BB%E5%8A%A9%E6%88%90%E5%88%B6%E5%BA%A6","✓ 公式確認済み"
"384","岡山県","岡山市","木造住宅耐震改修補助","住まい","最大100万円","ownsHome","令和8年2月28日まで","岡山市 都市整備局","https://www.city.okayama.jp/","https://www.google.com/search?q=%E5%B2%A1%E5%B1%B1%E7%9C%8C%20%E5%B2%A1%E5%B1%B1%E5%B8%82%20%E6%9C%A8%E9%80%A0%E4%BD%8F%E5%AE%85%E8%80%90%E9%9C%87%E6%94%B9%E4%BF%AE%E8%A3%9C%E5%8A%A9","テンプレート（全国Phase5）"
"385","岡山県","岡山市","太陽光発電設置補助","エコ","最大15万円","ownsHome","令和8年2月28日まで","岡山市 環境局","https://www.city.okayama.jp/","https://www.google.com/search?q=%E5%B2%A1%E5%B1%B1%E7%9C%8C%20%E5%B2%A1%E5%B1%B1%E5%B8%82%20%E5%A4%AA%E9%99%BD%E5%85%89%E7%99%BA%E9%9B%BB%E8%A8%AD%E7%BD%AE%E8%A3%9C%E5%8A%A9","テンプレート（全国Phase5）"
"386","広島県","広島市","こども医療費補助制度","子育て","初診500円〜（所得制限あり）","hasChildren","通年","広島市 健康福祉局","https://www.city.hiroshima.lg.jp/","https://www.google.com/search?q=%E5%BA%83%E5%B3%B6%E7%9C%8C%20%E5%BA%83%E5%B3%B6%E5%B8%82%20%E3%81%93%E3%81%A9%E3%82%82%E5%8C%BB%E7%99%82%E8%B2%BB%E8%A3%9C%E5%8A%A9%E5%88%B6%E5%BA%A6","✓ 公式確認済み"
"387","広島県","広島市","木造住宅耐震改修補助","住まい","最大100万円","ownsHome","令和8年2月28日まで","広島市 都市整備局","https://www.city.hiroshima.lg.jp/","https://www.google.com/search?q=%E5%BA%83%E5%B3%B6%E7%9C%8C%20%E5%BA%83%E5%B3%B6%E5%B8%82%20%E6%9C%A8%E9%80%A0%E4%BD%8F%E5%AE%85%E8%80%90%E9%9C%87%E6%94%B9%E4%BF%AE%E8%A3%9C%E5%8A%A9","テンプレート（全国Phase5）"
"388","広島県","広島市","自転車ヘルメット購入補助","安全","最大2,000円","usesBike","令和8年3月31日まで","広島市 道路交通局","https://www.city.hiroshima.lg.jp/","https://www.google.com/search?q=%E5%BA%83%E5%B3%B6%E7%9C%8C%20%E5%BA%83%E5%B3%B6%E5%B8%82%20%E8%87%AA%E8%BB%A2%E8%BB%8A%E3%83%98%E3%83%AB%E3%83%A1%E3%83%83%E3%83%88%E8%B3%BC%E5%85%A5%E8%A3%9C%E5%8A%A9","テンプレート（全国Phase5）"
"389","山口県","山口市","こども医療費助成","子育て","中学生まで無料","hasChildren","通年","山口市 こども未来部","https://www.city.yamaguchi.lg.jp/","https://www.google.com/search?q=%E5%B1%B1%E5%8F%A3%E7%9C%8C%20%E5%B1%B1%E5%8F%A3%E5%B8%82%20%E3%81%93%E3%81%A9%E3%82%82%E5%8C%BB%E7%99%82%E8%B2%BB%E5%8A%A9%E6%88%90","テンプレート（全国Phase5）"
"390","山口県","山口市","木造住宅耐震改修補助","住まい","最大100万円","ownsHome","令和8年2月28日まで","山口市 都市整備部","https://www.city.yamaguchi.lg.jp/","https://www.google.com/search?q=%E5%B1%B1%E5%8F%A3%E7%9C%8C%20%E5%B1%B1%E5%8F%A3%E5%B8%82%20%E6%9C%A8%E9%80%A0%E4%BD%8F%E5%AE%85%E8%80%90%E9%9C%87%E6%94%B9%E4%BF%AE%E8%A3%9C%E5%8A%A9","テンプレート（全国Phase5）"
"391","山口県","山口市","結婚新生活支援補助","生活支援","最大30万円","all","令和8年3月31日まで","山口市 子育て支援課","https://www.city.yamaguchi.lg.jp/","https://www.google.com/search?q=%E5%B1%B1%E5%8F%A3%E7%9C%8C%20%E5%B1%B1%E5%8F%A3%E5%B8%82%20%E7%B5%90%E5%A9%9A%E6%96%B0%E7%94%9F%E6%B4%BB%E6%94%AF%E6%8F%B4%E8%A3%9C%E5%8A%A9","テンプレート（全国Phase5）"
"392","徳島県","徳島市","こども医療費助成","子育て","中学生まで無料","hasChildren","通年","徳島市 健康福祉部","https://www.city.tokushima.tokushima.jp/","https://www.google.com/search?q=%E5%BE%B3%E5%B3%B6%E7%9C%8C%20%E5%BE%B3%E5%B3%B6%E5%B8%82%20%E3%81%93%E3%81%A9%E3%82%82%E5%8C%BB%E7%99%82%E8%B2%BB%E5%8A%A9%E6%88%90","テンプレート（全国Phase5）"
"393","徳島県","徳島市","木造住宅耐震改修補助","住まい","最大100万円","ownsHome","令和8年2月28日まで","徳島市 都市建設政策部","https://www.city.tokushima.tokushima.jp/","https://www.google.com/search?q=%E5%BE%B3%E5%B3%B6%E7%9C%8C%20%E5%BE%B3%E5%B3%B6%E5%B8%82%20%E6%9C%A8%E9%80%A0%E4%BD%8F%E5%AE%85%E8%80%90%E9%9C%87%E6%94%B9%E4%BF%AE%E8%A3%9C%E5%8A%A9","テンプレート（全国Phase5）"
"394","徳島県","徳島市","結婚新生活支援補助","生活支援","最大30万円","all","令和8年3月31日まで","徳島市 健康福祉部","https://www.city.tokushima.tokushima.jp/","https://www.google.com/search?q=%E5%BE%B3%E5%B3%B6%E7%9C%8C%20%E5%BE%B3%E5%B3%B6%E5%B8%82%20%E7%B5%90%E5%A9%9A%E6%96%B0%E7%94%9F%E6%B4%BB%E6%94%AF%E6%8F%B4%E8%A3%9C%E5%8A%A9","テンプレート（全国Phase5）"
"395","香川県","高松市","こども医療費助成","子育て","中学生まで無料","hasChildren","通年","高松市 健康福祉局","https://www.city.takamatsu.kagawa.jp/","https://www.google.com/search?q=%E9%A6%99%E5%B7%9D%E7%9C%8C%20%E9%AB%98%E6%9D%BE%E5%B8%82%20%E3%81%93%E3%81%A9%E3%82%82%E5%8C%BB%E7%99%82%E8%B2%BB%E5%8A%A9%E6%88%90","テンプレート（全国Phase5）"
"396","香川県","高松市","木造住宅耐震改修補助","住まい","最大100万円","ownsHome","令和8年2月28日まで","高松市 都市整備局","https://www.city.takamatsu.kagawa.jp/","https://www.google.com/search?q=%E9%A6%99%E5%B7%9D%E7%9C%8C%20%E9%AB%98%E6%9D%BE%E5%B8%82%20%E6%9C%A8%E9%80%A0%E4%BD%8F%E5%AE%85%E8%80%90%E9%9C%87%E6%94%B9%E4%BF%AE%E8%A3%9C%E5%8A%A9","テンプレート（全国Phase5）"
"397","香川県","高松市","結婚新生活支援補助","生活支援","最大30万円","all","令和8年3月31日まで","高松市 健康福祉局","https://www.city.takamatsu.kagawa.jp/","https://www.google.com/search?q=%E9%A6%99%E5%B7%9D%E7%9C%8C%20%E9%AB%98%E6%9D%BE%E5%B8%82%20%E7%B5%90%E5%A9%9A%E6%96%B0%E7%94%9F%E6%B4%BB%E6%94%AF%E6%8F%B4%E8%A3%9C%E5%8A%A9","テンプレート（全国Phase5）"
"398","愛媛県","松山市","こども医療費助成","子育て","中学生まで無料","hasChildren","通年","松山市 保健福祉部","https://www.city.matsuyama.ehime.jp/","https://www.google.com/search?q=%E6%84%9B%E5%AA%9B%E7%9C%8C%20%E6%9D%BE%E5%B1%B1%E5%B8%82%20%E3%81%93%E3%81%A9%E3%82%82%E5%8C%BB%E7%99%82%E8%B2%BB%E5%8A%A9%E6%88%90","テンプレート（全国Phase5）"
"399","愛媛県","松山市","木造住宅耐震改修補助","住まい","最大100万円","ownsHome","令和8年2月28日まで","松山市 都市整備部","https://www.city.matsuyama.ehime.jp/","https://www.google.com/search?q=%E6%84%9B%E5%AA%9B%E7%9C%8C%20%E6%9D%BE%E5%B1%B1%E5%B8%82%20%E6%9C%A8%E9%80%A0%E4%BD%8F%E5%AE%85%E8%80%90%E9%9C%87%E6%94%B9%E4%BF%AE%E8%A3%9C%E5%8A%A9","テンプレート（全国Phase5）"
"400","愛媛県","松山市","結婚新生活支援補助","生活支援","最大30万円","all","令和8年3月31日まで","松山市 保健福祉部","https://www.city.matsuyama.ehime.jp/","https://www.google.com/search?q=%E6%84%9B%E5%AA%9B%E7%9C%8C%20%E6%9D%BE%E5%B1%B1%E5%B8%82%20%E7%B5%90%E5%A9%9A%E6%96%B0%E7%94%9F%E6%B4%BB%E6%94%AF%E6%8F%B4%E8%A3%9C%E5%8A%A9","テンプレート（全国Phase5）"
"401","高知県","高知市","こども医療費助成","子育て","中学生まで無料","hasChildren","通年","高知市 健康福祉部","https://www.city.kochi.kochi.jp/","https://www.google.com/search?q=%E9%AB%98%E7%9F%A5%E7%9C%8C%20%E9%AB%98%E7%9F%A5%E5%B8%82%20%E3%81%93%E3%81%A9%E3%82%82%E5%8C%BB%E7%99%82%E8%B2%BB%E5%8A%A9%E6%88%90","テンプレート（全国Phase5）"
"402","高知県","高知市","木造住宅耐震改修補助","住まい","最大100万円","ownsHome","令和8年2月28日まで","高知市 都市建設部","https://www.city.kochi.kochi.jp/","https://www.google.com/search?q=%E9%AB%98%E7%9F%A5%E7%9C%8C%20%E9%AB%98%E7%9F%A5%E5%B8%82%20%E6%9C%A8%E9%80%A0%E4%BD%8F%E5%AE%85%E8%80%90%E9%9C%87%E6%94%B9%E4%BF%AE%E8%A3%9C%E5%8A%A9","テンプレート（全国Phase5）"
"403","高知県","高知市","移住促進補助金","ユニーク","最大100万円","all","令和8年3月31日まで","高知市 商工観光部","https://www.city.kochi.kochi.jp/","https://www.google.com/search?q=%E9%AB%98%E7%9F%A5%E7%9C%8C%20%E9%AB%98%E7%9F%A5%E5%B8%82%20%E7%A7%BB%E4%BD%8F%E4%BF%83%E9%80%B2%E8%A3%9C%E5%8A%A9%E9%87%91","テンプレート（全国Phase5）"
"404","福岡県","福岡市","出産祝い金","子育て","10万円","hasChildren","通年","福岡市 こども未来局","https://www.city.fukuoka.lg.jp/","https://www.google.com/search?q=%E7%A6%8F%E5%B2%A1%E7%9C%8C%20%E7%A6%8F%E5%B2%A1%E5%B8%82%20%E5%87%BA%E7%94%A3%E7%A5%9D%E3%81%84%E9%87%91","テンプレート（全国Phase5）"
"405","福岡県","福岡市","給食費無償化","子育て","給食費全額","hasChildren","通年","福岡市 教育委員会","https://www.city.fukuoka.lg.jp/","https://www.google.com/search?q=%E7%A6%8F%E5%B2%A1%E7%9C%8C%20%E7%A6%8F%E5%B2%A1%E5%B8%82%20%E7%B5%A6%E9%A3%9F%E8%B2%BB%E7%84%A1%E5%84%9F%E5%8C%96","テンプレート（全国Phase5）"
"406","福岡県","福岡市","子ども医療費助成制度","子育て","通院500円/月・入院/薬局無料","hasChildren","通年","福岡市 各区役所・出張所 保険年金担当課","https://www.city.fukuoka.lg.jp/","https://www.google.com/search?q=%E7%A6%8F%E5%B2%A1%E7%9C%8C%20%E7%A6%8F%E5%B2%A1%E5%B8%82%20%E5%AD%90%E3%81%A9%E3%82%82%E5%8C%BB%E7%99%82%E8%B2%BB%E5%8A%A9%E6%88%90%E5%88%B6%E5%BA%A6","✓ 公式確認済み"
"407","福岡県","北九州市","子ども医療費支給制度","子育て","薬局の自己負担なし","hasChildren","通年","北九州市 各区役所 担当窓口","https://www.city.kitakyushu.lg.jp/","https://www.google.com/search?q=%E7%A6%8F%E5%B2%A1%E7%9C%8C%20%E5%8C%97%E4%B9%9D%E5%B7%9E%E5%B8%82%20%E5%AD%90%E3%81%A9%E3%82%82%E5%8C%BB%E7%99%82%E8%B2%BB%E6%94%AF%E7%B5%A6%E5%88%B6%E5%BA%A6","✓ 公式確認済み"
"408","福岡県","北九州市","木造住宅耐震改修補助","住まい","最大100万円","ownsHome","令和8年2月28日まで","北九州市 建築都市局","https://www.city.kitakyushu.lg.jp/","https://www.google.com/search?q=%E7%A6%8F%E5%B2%A1%E7%9C%8C%20%E5%8C%97%E4%B9%9D%E5%B7%9E%E5%B8%82%20%E6%9C%A8%E9%80%A0%E4%BD%8F%E5%AE%85%E8%80%90%E9%9C%87%E6%94%B9%E4%BF%AE%E8%A3%9C%E5%8A%A9","テンプレート（全国Phase5）"
"409","福岡県","北九州市","結婚新生活支援補助","生活支援","最大30万円","all","令和8年3月31日まで","北九州市 子ども家庭局","https://www.city.kitakyushu.lg.jp/","https://www.google.com/search?q=%E7%A6%8F%E5%B2%A1%E7%9C%8C%20%E5%8C%97%E4%B9%9D%E5%B7%9E%E5%B8%82%20%E7%B5%90%E5%A9%9A%E6%96%B0%E7%94%9F%E6%B4%BB%E6%94%AF%E6%8F%B4%E8%A3%9C%E5%8A%A9","テンプレート（全国Phase5）"
"410","佐賀県","佐賀市","こども医療費助成","子育て","中学生まで無料","hasChildren","通年","佐賀市 子育て支援部","https://www.city.saga.lg.jp/","https://www.google.com/search?q=%E4%BD%90%E8%B3%80%E7%9C%8C%20%E4%BD%90%E8%B3%80%E5%B8%82%20%E3%81%93%E3%81%A9%E3%82%82%E5%8C%BB%E7%99%82%E8%B2%BB%E5%8A%A9%E6%88%90","テンプレート（全国Phase5）"
"411","佐賀県","佐賀市","木造住宅耐震改修補助","住まい","最大100万円","ownsHome","令和8年2月28日まで","佐賀市 建設部","https://www.city.saga.lg.jp/","https://www.google.com/search?q=%E4%BD%90%E8%B3%80%E7%9C%8C%20%E4%BD%90%E8%B3%80%E5%B8%82%20%E6%9C%A8%E9%80%A0%E4%BD%8F%E5%AE%85%E8%80%90%E9%9C%87%E6%94%B9%E4%BF%AE%E8%A3%9C%E5%8A%A9","テンプレート（全国Phase5）"
"412","佐賀県","佐賀市","結婚新生活支援補助","生活支援","最大30万円","all","令和8年3月31日まで","佐賀市 子育て支援部","https://www.city.saga.lg.jp/","https://www.google.com/search?q=%E4%BD%90%E8%B3%80%E7%9C%8C%20%E4%BD%90%E8%B3%80%E5%B8%82%20%E7%B5%90%E5%A9%9A%E6%96%B0%E7%94%9F%E6%B4%BB%E6%94%AF%E6%8F%B4%E8%A3%9C%E5%8A%A9","テンプレート（全国Phase5）"
"413","長崎県","長崎市","こども医療費助成","子育て","中学生まで無料","hasChildren","通年","長崎市 こども部","https://www.city.nagasaki.lg.jp/","https://www.google.com/search?q=%E9%95%B7%E5%B4%8E%E7%9C%8C%20%E9%95%B7%E5%B4%8E%E5%B8%82%20%E3%81%93%E3%81%A9%E3%82%82%E5%8C%BB%E7%99%82%E8%B2%BB%E5%8A%A9%E6%88%90","テンプレート（全国Phase5）"
"414","長崎県","長崎市","木造住宅耐震改修補助","住まい","最大100万円","ownsHome","令和8年2月28日まで","長崎市 まちづくり部","https://www.city.nagasaki.lg.jp/","https://www.google.com/search?q=%E9%95%B7%E5%B4%8E%E7%9C%8C%20%E9%95%B7%E5%B4%8E%E5%B8%82%20%E6%9C%A8%E9%80%A0%E4%BD%8F%E5%AE%85%E8%80%90%E9%9C%87%E6%94%B9%E4%BF%AE%E8%A3%9C%E5%8A%A9","テンプレート（全国Phase5）"
"415","長崎県","長崎市","移住促進補助金","ユニーク","最大50万円","all","令和8年3月31日まで","長崎市 企画財政部","https://www.city.nagasaki.lg.jp/","https://www.google.com/search?q=%E9%95%B7%E5%B4%8E%E7%9C%8C%20%E9%95%B7%E5%B4%8E%E5%B8%82%20%E7%A7%BB%E4%BD%8F%E4%BF%83%E9%80%B2%E8%A3%9C%E5%8A%A9%E9%87%91","テンプレート（全国Phase5）"
"416","熊本県","熊本市","こども医療費助成（ひまわりカード）","子育て","高校生年代まで・薬局無料","hasChildren","通年","熊本市 健康福祉局 こども支援課","https://www.city.kumamoto.jp/","https://www.google.com/search?q=%E7%86%8A%E6%9C%AC%E7%9C%8C%20%E7%86%8A%E6%9C%AC%E5%B8%82%20%E3%81%93%E3%81%A9%E3%82%82%E5%8C%BB%E7%99%82%E8%B2%BB%E5%8A%A9%E6%88%90%EF%BC%88%E3%81%B2%E3%81%BE%E3%82%8F%E3%82%8A%E3%82%AB%E3%83%BC%E3%83%89%EF%BC%89","✓ 公式確認済み"
"417","熊本県","熊本市","木造住宅耐震改修補助","住まい","最大100万円","ownsHome","令和8年2月28日まで","熊本市 都市建設局","https://www.city.kumamoto.jp/","https://www.google.com/search?q=%E7%86%8A%E6%9C%AC%E7%9C%8C%20%E7%86%8A%E6%9C%AC%E5%B8%82%20%E6%9C%A8%E9%80%A0%E4%BD%8F%E5%AE%85%E8%80%90%E9%9C%87%E6%94%B9%E4%BF%AE%E8%A3%9C%E5%8A%A9","テンプレート（全国Phase5）"
"418","熊本県","熊本市","結婚新生活支援補助","生活支援","最大30万円","all","令和8年3月31日まで","熊本市 健康福祉局","https://www.city.kumamoto.jp/","https://www.google.com/search?q=%E7%86%8A%E6%9C%AC%E7%9C%8C%20%E7%86%8A%E6%9C%AC%E5%B8%82%20%E7%B5%90%E5%A9%9A%E6%96%B0%E7%94%9F%E6%B4%BB%E6%94%AF%E6%8F%B4%E8%A3%9C%E5%8A%A9","テンプレート（全国Phase5）"
"419","大分県","大分市","こども医療費助成","子育て","中学生まで無料","hasChildren","通年","大分市 子どもすこやか部","https://www.city.oita.oita.jp/","https://www.google.com/search?q=%E5%A4%A7%E5%88%86%E7%9C%8C%20%E5%A4%A7%E5%88%86%E5%B8%82%20%E3%81%93%E3%81%A9%E3%82%82%E5%8C%BB%E7%99%82%E8%B2%BB%E5%8A%A9%E6%88%90","テンプレート（全国Phase5）"
"420","大分県","大分市","木造住宅耐震改修補助","住まい","最大100万円","ownsHome","令和8年2月28日まで","大分市 都市計画部","https://www.city.oita.oita.jp/","https://www.google.com/search?q=%E5%A4%A7%E5%88%86%E7%9C%8C%20%E5%A4%A7%E5%88%86%E5%B8%82%20%E6%9C%A8%E9%80%A0%E4%BD%8F%E5%AE%85%E8%80%90%E9%9C%87%E6%94%B9%E4%BF%AE%E8%A3%9C%E5%8A%A9","テンプレート（全国Phase5）"
"421","大分県","大分市","結婚新生活支援補助","生活支援","最大30万円","all","令和8年3月31日まで","大分市 子どもすこやか部","https://www.city.oita.oita.jp/","https://www.google.com/search?q=%E5%A4%A7%E5%88%86%E7%9C%8C%20%E5%A4%A7%E5%88%86%E5%B8%82%20%E7%B5%90%E5%A9%9A%E6%96%B0%E7%94%9F%E6%B4%BB%E6%94%AF%E6%8F%B4%E8%A3%9C%E5%8A%A9","テンプレート（全国Phase5）"
"422","宮崎県","宮崎市","こども医療費助成","子育て","中学生まで無料","hasChildren","通年","宮崎市 健康福祉部","https://www.city.miyazaki.miyazaki.jp/","https://www.google.com/search?q=%E5%AE%AE%E5%B4%8E%E7%9C%8C%20%E5%AE%AE%E5%B4%8E%E5%B8%82%20%E3%81%93%E3%81%A9%E3%82%82%E5%8C%BB%E7%99%82%E8%B2%BB%E5%8A%A9%E6%88%90","テンプレート（全国Phase5）"
"423","宮崎県","宮崎市","木造住宅耐震改修補助","住まい","最大100万円","ownsHome","令和8年2月28日まで","宮崎市 都市整備部","https://www.city.miyazaki.miyazaki.jp/","https://www.google.com/search?q=%E5%AE%AE%E5%B4%8E%E7%9C%8C%20%E5%AE%AE%E5%B4%8E%E5%B8%82%20%E6%9C%A8%E9%80%A0%E4%BD%8F%E5%AE%85%E8%80%90%E9%9C%87%E6%94%B9%E4%BF%AE%E8%A3%9C%E5%8A%A9","テンプレート（全国Phase5）"
"424","宮崎県","宮崎市","結婚新生活支援補助","生活支援","最大30万円","all","令和8年3月31日まで","宮崎市 健康福祉部","https://www.city.miyazaki.miyazaki.jp/","https://www.google.com/search?q=%E5%AE%AE%E5%B4%8E%E7%9C%8C%20%E5%AE%AE%E5%B4%8E%E5%B8%82%20%E7%B5%90%E5%A9%9A%E6%96%B0%E7%94%9F%E6%B4%BB%E6%94%AF%E6%8F%B4%E8%A3%9C%E5%8A%A9","テンプレート（全国Phase5）"
"425","鹿児島県","鹿児島市","こども医療費助成","子育て","中学生まで無料","hasChildren","通年","鹿児島市 健康福祉局","https://www.city.kagoshima.lg.jp/","https://www.google.com/search?q=%E9%B9%BF%E5%85%90%E5%B3%B6%E7%9C%8C%20%E9%B9%BF%E5%85%90%E5%B3%B6%E5%B8%82%20%E3%81%93%E3%81%A9%E3%82%82%E5%8C%BB%E7%99%82%E8%B2%BB%E5%8A%A9%E6%88%90","テンプレート（全国Phase5）"
"426","鹿児島県","鹿児島市","木造住宅耐震改修補助","住まい","最大100万円","ownsHome","令和8年2月28日まで","鹿児島市 建設局","https://www.city.kagoshima.lg.jp/","https://www.google.com/search?q=%E9%B9%BF%E5%85%90%E5%B3%B6%E7%9C%8C%20%E9%B9%BF%E5%85%90%E5%B3%B6%E5%B8%82%20%E6%9C%A8%E9%80%A0%E4%BD%8F%E5%AE%85%E8%80%90%E9%9C%87%E6%94%B9%E4%BF%AE%E8%A3%9C%E5%8A%A9","テンプレート（全国Phase5）"
"427","鹿児島県","鹿児島市","結婚新生活支援補助","生活支援","最大30万円","all","令和8年3月31日まで","鹿児島市 健康福祉局","https://www.city.kagoshima.lg.jp/","https://www.google.com/search?q=%E9%B9%BF%E5%85%90%E5%B3%B6%E7%9C%8C%20%E9%B9%BF%E5%85%90%E5%B3%B6%E5%B8%82%20%E7%B5%90%E5%A9%9A%E6%96%B0%E7%94%9F%E6%B4%BB%E6%94%AF%E6%8F%B4%E8%A3%9C%E5%8A%A9","テンプレート（全国Phase5）"
"428","沖縄県","那覇市","こども医療費助成","子育て","中学生まで無料","hasChildren","通年","那覇市 こどもみらい部","https://www.city.naha.okinawa.jp/","https://www.google.com/search?q=%E6%B2%96%E7%B8%84%E7%9C%8C%20%E9%82%A3%E8%A6%87%E5%B8%82%20%E3%81%93%E3%81%A9%E3%82%82%E5%8C%BB%E7%99%82%E8%B2%BB%E5%8A%A9%E6%88%90","テンプレート（全国Phase5）"
"429","沖縄県","那覇市","木造住宅耐震改修補助","住まい","最大100万円","ownsHome","令和8年2月28日まで","那覇市 都市計画部","https://www.city.naha.okinawa.jp/","https://www.google.com/search?q=%E6%B2%96%E7%B8%84%E7%9C%8C%20%E9%82%A3%E8%A6%87%E5%B8%82%20%E6%9C%A8%E9%80%A0%E4%BD%8F%E5%AE%85%E8%80%90%E9%9C%87%E6%94%B9%E4%BF%AE%E8%A3%9C%E5%8A%A9","テンプレート（全国Phase5）"
"430","沖縄県","那覇市","結婚新生活支援補助","生活支援","最大30万円","all","令和8年3月31日まで","那覇市 こどもみらい部","https://www.city.naha.okinawa.jp/","https://www.google.com/search?q=%E6%B2%96%E7%B8%84%E7%9C%8C%20%E9%82%A3%E8%A6%87%E5%B8%82%20%E7%B5%90%E5%A9%9A%E6%96%B0%E7%94%9F%E6%B4%BB%E6%94%AF%E6%8F%B4%E8%A3%9C%E5%8A%A9","テンプレート（全国Phase5）"