No,ファイル名,タイトル,カテゴリ,SEOキーワード,優先度,ステータス,備考
001,001-ijyu-nagano.html,東京に住みながら長野の移住支援金100万円がもらえる！申請方法を完全解説,移住,移住支援金 長野,★★★,公開済,
002,002-kosodate-joseikin.html,子育て世帯必見！2026年度の補助金・助成金まとめ【もらい忘れゼロへ】,子育て,子育て 補助金 2026,★★★,公開済,
003,003-mado-renovate.html,窓リノベ補助金で最大200万円！先進的窓リノベの申請方法と注意点,住まい,窓リノベ 補助金,★★★,公開済,
004,004-mama-okane.html,ママのお金管理術｜補助金・助成金をフル活用する家計の作り方,お金管理,ママ 補助金 家計,★★★,公開済,
005,005-global-subsidy.html,海外でも「もらえるお金」がある！各国の個人向け給付・補助金制度まとめ,海外,海外 補助金 給付金,★★,公開済,
006,006-ijyu-ranking.html,【2026年版】全国移住支援金ランキングTOP20！世帯で最大350万円超え,移住,移住支援金 ランキング,★★★,公開済,
007,007-unique-portal.html,知らなきゃ損！えっこれでもお金もらえるの？申請しないと0円の給付金まとめ,ユニーク,補助金 ユニーク もらえる,★★★,公開済,
008,008-akashi-omutu.html,おむつが1歳まで毎月タダで届く！明石市の『おむつ定期便』が凄すぎる,子育て,おむつ 無料 明石市,★★★,未着手,子育て最強都市
009,009-nenkin-midori.html,【罠】緑の封筒を無視すると0円！『年金生活者支援給付金』の落とし穴,年金・シニア,年金生活者支援給付金 緑 封筒,★★★,未着手,バズ狙い
010,010-eakon-miotodamachi.html,エアコン買うなら御代田町へ引越せ!? 全額補助（最大7万3千円）の衝撃,省エネ,エアコン 補助金 全額,★★★,未着手,驚き型
011,011-ijyu-kodomo-kasan.html,子どもが多いほど儲かる!? 移住支援金『子ども1人100万円加算』の破壊力,移住,移住 子ども加算 100万円,★★★,未着手,家族向け
012,012-kekkon-60man.html,【夫婦限定】新婚で引っ越すと60万円もらえる『結婚新生活支援事業』,結婚,結婚新生活支援 60万円,★★★,未着手,検索多い
013,013-akiya-diy.html,DIY好き必見！古民家を自分でイジって補助金がもらえる夢の制度,空き家,古民家 DIY 補助金,★★,未着手,
014,014-yuki-kakigomi.html,雪かきするだけで2万円？北海道岩見沢市の『冬の暮らし支援金』,ユニーク,北海道 冬 給付金,★★,未着手,面白ネタ
015,015-tokai-ijyu.html,まさかのお試し移住で家賃タダ同然!? 1泊1000円で住める神自治体,移住,お試し移住 家賃安い,★★,未着手,
016,016-kanto-ijyu-2jiku.html,『トカイナカ』で賢く暮らす！北関東移住で通勤費＆住宅補助をWゲット,移住,北関東 移住 補助金,★★,未着手,
017,017-miyazaki-surf.html,サーフィンしてたらお金がもらえる!? 宮崎県の移住支援が最高すぎる件,移住,宮崎 移住 サーフィン,★★,未着手,バズ狙い
018,018-yamanashi-duallife.html,週末は山梨でデュアルライフ！二拠点生活でもらえる空き家改修補助,空き家,二拠点生活 空き家 補助,★★,未着手,
019,019-minpaku-reform.html,空き家を民泊にして大儲け！自治体の『事業用補助金』で改修費を浮かす方法,空き家,空き家 民泊 補助金,★★,未着手,
020,020-oita-onsen.html,温泉付き物件の改修も補助!? おんせん県・大分の移住支援がヤバい,移住,大分 温泉 移住 補助,★★,未着手,
021,021-okinawa-ijyu.html,【沖縄移住】リゾートで働いてお金もゲット!? 季節移住の裏ワザ,移住,沖縄 移住 補助金,★★★,未着手,SEO強い
022,022-ijyu-otameshi.html,移住で失敗しない！『お試し住宅』で家賃を浮かせて下見する賢い方法,移住,お試し移住 住宅,★★,未着手,
023,023-ijyu-hikoshi.html,引っ越し代も国が負担!? 移住支援金を使えば家具家電も全額カバー可能,移住,移住 引越し代 補助,★★,未着手,
024,024-chikuho-taishin.html,築古物件が宝の山！耐震・断熱補助で安全と現金をゲット,住まい,耐震 補助金 築古,★★,未着手,
025,025-saitama-shinkon.html,家賃が毎月2万円安くなる!? 千葉県市川市の『新婚生活住まい応援補助金』,結婚,新婚 家賃 補助金,★★,未着手,
026,026-deito-yokote.html,デート代は市が払います！秋田県横手市の恋愛支援給付金のカラクリ,ユニーク,秋田 横手 恋愛 給付金,★★★,未着手,バズ狙い
027,027-akashi-106man.html,これぞ神対応！明石市なら子ども3人で『106万円』も得するって本当!?,子育て,明石市 子育て 106万円,★★★,未着手,検索多い
028,028-akashi-kyushoku.html,中学校の給食費がずっと無料！所得制限なしで16万円浮く明石市マジック,子育て,明石市 給食費 無料,★★,未着手,
029,029-akashi-iryo.html,医療費タダは当たり前!? 明石市の『高校3年生まで無料』で家計が大助かり,子育て,明石市 医療費 無料 高校生,★★,未着手,
030,030-akashi-hoikuryou.html,第2子以降は保育料もタダ！年齢差も関係ない神ルールで働きやすさMAX,子育て,明石市 保育料 無料 第2子,★★,未着手,
031,031-akashi-shisetsu.html,休日のレジャー代も無料!? 明石市の公共施設入場無料で遊び放題,子育て,明石市 施設 無料,★,未着手,シリーズ記事
032,032-kekkon-60man-detail.html,結婚したら最大60万円もらえる！『結婚助成金』で新生活をスタート,結婚,結婚 助成金 60万円,★★★,未着手,
033,033-kekkon-morenai.html,【もらい忘れ注意】結婚式は対象外!? 結婚助成金で『申請できるもの・できないもの』,結婚,結婚助成金 申請 対象,★★,未着手,
034,034-sangyo-shikkoku.html,産休中のママ必見！働かなくてもお金がもらえる『出産手当金』の仕組み,子育て,出産手当金 育休 産休,★★★,未着手,SEO強い
035,035-sanjuro.html,妊婦さん＆産後ママを救う！出産費用をガッツリ抑える医療費控除の活用法,子育て,出産費用 医療費控除,★★,未着手,
036,036-miyoshi-100man.html,夫婦で100万円ゲットの特大ボーナス！広島県三原市の『生活給付金』,移住,広島 三原市 生活給付金,★★★,未着手,要確認
037,037-tokyo-futari.html,『TOKYOふたり結婚応援パスポート』で東京での新婚生活をお得に楽しむ方法,結婚,東京 結婚 パスポート,★★,未着手,
038,038-tottori-kosodate.html,子育てするなら鳥取へ!? 『子育て王国』の凄すぎる保育料軽減策,子育て,鳥取 子育て 補助金,★★,未着手,
039,039-fukui-kosodate.html,福井県は幸福度No.1！多子世帯への独自加算でお金がどんどん貯まる,子育て,福井 子育て 補助金,★★,未着手,
040,040-furano-kosodate.html,子連れワーケーションで保育料も半額補助!? 北海道富良野市の神対応,移住,富良野 子育て ワーケーション,★★,未着手,
041,041-kekkon-combo.html,結婚・引っ越し・移住の『補助金トリプルコンボ』で数百万得する最強ルート,移住×結婚,結婚 移住 補助金 組み合わせ,★★★,未着手,まとめ型
042,042-eakon-kagami.html,エアコン全額補助のカラクリ！物価高騰対策補助金で夏を乗り切る方法,省エネ,エアコン 補助金 物価高騰,★★★,未着手,
043,043-chori-katsushika.html,【主婦歓喜】高級鍋が90%オフで買える!? 東京都葛飾区の『調理器具補助』,ユニーク,葛飾区 調理器具 補助,★★★,未着手,バズ狙い
044,044-futon-tsukuba.html,冬の布団が実質タダ!? 茨城県つくば市でもらえる『寝具の給付金』1万円,ユニーク,つくば 寝具 給付金,★★,未着手,
045,045-ofuro-chikujo.html,お風呂に入るだけで10万円もらえる！福岡県築上町の謎すぎる『お風呂給付金』,ユニーク,築上町 お風呂 給付金,★★★,未着手,最高バズネタ
046,046-kyutoki-hojo.html,給湯器を変えるだけで10万円キャッシュバック！全国対象の激アツ補助金,省エネ,給湯器 補助金 エコキュート,★★★,未着手,SEO強い
047,047-nisitokyo-eakon.html,西東京市でも2万円！エアコン買うなら自治体の『物価高騰対策』を狙え,省エネ,西東京市 エアコン 補助,★★,未着手,
048,048-daisen-danbo.html,冬の寒さもへっちゃら！秋田県大仙市の『暖房給付金』5万円でポカポカ,省エネ,秋田 大仙市 暖房 給付金,★★,未着手,
049,049-china-kaden.html,【中国の爆買い支援】1人25万円の『家電給付金』がスケール違いすぎる,海外,中国 家電 給付金,★★★,未着手,海外比較バズ
050,050-nagano-eakon-rank.html,長野県は補助金天国!? 上田市・諏訪市でもエアコン最大7万3千円ゲット,省エネ,長野 エアコン 補助金,★★,未着手,
051,051-kuruma-35man.html,車を買ったら35万円もらえる！愛知県岡崎市の『特大・自動車支援金』,省エネ,岡崎市 車 補助金 EV,★★★,未着手,バズ狙い
052,052-germany-kuruma.html,ドイツのスケールがヤバい！自動車1台に『約90万円』の給付金って本当!?,海外,ドイツ 電気自動車 補助金,★★★,未着手,海外バズ
053,053-takatsuki-jitensya.html,自転車買うだけで5万円!? 大阪府高槻市に住めばママチャリが高級車に,ユニーク,高槻市 自転車 補助金 5万円,★★★,未着手,バズ狙い
054,054-helmet-2000.html,命も守れてお金も戻る！『自転車ヘルメット補助金』最大3000円ゲット,安全,自転車 ヘルメット 補助金,★★★,未着手,SEO強い
055,055-helmet-city-list.html,横浜・名古屋・神戸も対象！あなたの街のヘルメット補助金を今すぐチェック,安全,ヘルメット 補助金 都市 一覧,★★,未着手,
056,056-workation-hojo.html,旅しながら働いてお金ももらえる！『ワーケーション補助金』が最高すぎる,移住,ワーケーション 補助金,★★,未着手,
057,057-toyama-workation.html,富山県に6泊するだけで最大20万円！『とやまワーケーション助成金』,移住,富山 ワーケーション 助成,★★,未着手,
058,058-fukui-workation.html,福井県で『お試しテレワーク』！交通費＆滞在費がもらえる神制度,移住,福井 テレワーク 補助,★★,未着手,
059,059-freelance-workation.html,フリーランス必見！会社員じゃなくても使えるワーケーション補助金リスト,リスキリング,フリーランス ワーケーション 補助,★★,未着手,
060,060-ijyu-telework-koseki.html,テレワーク移住で交通費を国に払ってもらう！『移住就業支援』の活用術,移住,テレワーク 移住 支援,★★,未着手,
061,061-nenkin-zoroshiki.html,65歳以上の親に教えてあげて！年金に上乗せされる『支援給付金』増額のニュース,年金,年金 上乗せ 給付金 65歳,★★★,未着手,シニア向け
062,062-nyanko-ibaraki.html,にゃんこを飼うとお金がもらえる!? 大阪府茨木市の『猫の去勢手術補助金』,ユニーク,猫 補助金 去勢 ペット,★★★,未着手,最高バズネタ
063,063-shimekiri-kanri.html,もらい忘れは絶対NG！『申請期限』で泣きを見ないためのスケジュール管理術,お金管理,補助金 申請 期限 管理,★★,未着手,
064,064-siyakusyo-kakure.html,申請しないともらえない『隠れ給付金』！市役所の広報誌は宝の地図,お金管理,隠れ 給付金 市役所,★★★,未着手,
065,065-furusato-hojo-combo.html,ふるさと納税の前にこれをやれ！補助金で元手を増やす最強マネーリテラシー,お金管理,ふるさと納税 補助金 組み合わせ,★★★,未着手,
066,066-2jyu-dori.html,補助金・助成金の『二重取り』は可能か!? 国と自治体の制度を賢く組み合わせる,お金管理,補助金 二重取り 組み合わせ,★★★,未着手,
067,067-online-apply.html,ITオンチでも大丈夫！スマホで簡単『オンライン申請』できる補助金が増加中,お金管理,補助金 オンライン申請 スマホ,★★,未着手,
068,068-mamotomo-naisho.html,ママ友には内緒にしたい…知ってる人だけが得をする『裏・子育て給付金』,子育て,子育て 給付金 裏技,★★★,未着手,バズ狙い
069,069-chiiki-kigyo.html,地方で起業して最大300万円！『地域課題解決型起業支援金』で夢を叶える,リスキリング,地方 起業 補助金 300万,★★,未着手,
070,070-chiikiokoshi-kyuyo.html,『地域おこし協力隊』になれば給料をもらいながら地方で家探しができる!?,リスキリング,地域おこし協力隊 給与 家,★★★,未着手,SEO強い
071,071-ijyu-3nen-nori.html,移住で失敗しないための『3年縛り』の罠！補助金返還を避けるための注意点,移住,移住 補助金 返還 3年,★★,未着手,
072,072-sakijyu-hojokin.html,予算が尽きたら即終了！『先着順』の補助金レースに勝つための裏ワザ,お金管理,補助金 先着順 タイミング,★★,未着手,
073,073-zekin-hojokin.html,補助金をもらったら税金がかかる!? 『一時所得』になる高額給付金の注意点,お金管理,補助金 税金 一時所得,★★,未着手,
074,074-ryoshusho.html,領収書の『お品代』は絶対NG！ヘルメット補助金で審査落ちしない鉄則,お金管理,補助金 領収書 審査,★★,未着手,
075,075-taisyoku-plan.html,退職前の1年が勝負！失業保険と出産手当金をフル活用する退職プラン,お金管理,失業保険 出産手当金 退職,★★★,未着手,SEO強い
076,076-madoguchi-himitsu.html,自治体の窓口へGO！ネットには載っていない『あなただけの補助金』の探し方,お金管理,補助金 市役所 窓口 探し方,★★★,未着手,
077,077-koeki-yushi.html,お金がないなら『借りる』のも手！無利子・低金利の公的融資＆比較,お金管理,低金利 融資 公的 補助,★★,未着手,
078,078-2026-henka.html,2026年問題!? 補助金制度がガラッと変わる前にチェックすべき3つのポイント,お金管理,補助金 2026 変更 ポイント,★★★,未着手,トレンド
079,079-sougaku-1000man.html,この記事の補助金を全部使えたら総額1000万円超え!? 最強の『もらえるお金』大全,お金管理,もらえるお金 合計 1000万,★★★,未着手,最終まとめ
080,080-kanagawa-sagamihara.html,神奈川県相模原市なら引っ越し代が15万戻ってくる！パートナーシップも対象,移住×結婚,相模原市 引越し 補助金,★★,未着手,
081,081-reskilling-56man.html,リスキリングで最大56万円もらいながらスキルアップ！給付金の使い方,リスキリング,リスキリング 給付金 56万円,★★★,未着手,SEO強い
082,082-tenshoku-teate.html,転職・就職で使える給付金まとめ【再就職手当・失業給付】2026年版,リスキリング,転職 再就職手当 失業給付,★★★,未着手,SEO強い
083,083-jyoshi-kigyo.html,女性の起業・キャリアアップを支援する補助金5選【2026年度版】,リスキリング,女性 起業 補助金,★★,未着手,
084,084-nogyo-nyusha.html,農業・漁業への新規参入でもらえるお金まとめ【就農給付金150万円】,リスキリング,農業 就農 補助金 150万,★★,未着手,
085,085-50dai.html,50代・60代のリスキリング！人生100年時代のお金の増やし方,リスキリング,50代 60代 リスキリング,★★,未着手,
086,086-nisa-basic.html,子育て中でもNISAができる！月5,000円から始める積立投資入門,お金管理,NISA 子育て 初心者,★★,未着手,
087,087-ideco-rogo.html,iDeCo・NISA入門！補助金と組み合わせる老後資金設計の全体像,お金管理,iDeCo NISA 老後,★★,未着手,
088,088-kakuteishinkoku.html,知らないと損！確定申告で取り戻せるお金まとめ【医療費控除まで】,お金管理,確定申告 還付 医療費控除,★★★,未着手,SEO強い
089,089-furusato-triple.html,NISA×補助金×ふるさと納税！家計最適化の三種の神器を解説,お金管理,NISA ふるさと納税 補助金,★★★,未着手,
090,090-solar-2026.html,太陽光発電の補助金2026年版！初期費用を半額以下にする方法,省エネ,太陽光発電 補助金 2026,★★★,未着手,SEO強い
091,091-ev-2026.html,EV・電気自動車の補助金2026年版！最大75万円の助成を受ける方法,省エネ,電気自動車 補助金 2026,★★★,未着手,SEO強い
092,092-shoeneka-3man.html,省エネ家電の買い替えで最大3万円！補助金活用完全ガイド,省エネ,省エネ家電 補助金 買い替え,★★★,未着手,SEO強い
093,093-reform-all.html,リフォームで使える補助金まとめ2026年版【国+都道府県+市区町村の3重取り】,住まい,リフォーム 補助金 2026,★★★,未着手,SEO強い
094,094-taishin-100man.html,耐震リフォームで最大100万円！旧耐震基準の家を持つ人必読ガイド,住まい,耐震 リフォーム 補助金 100万,★★★,未着手,SEO強い
095,095-barrierful.html,バリアフリーリフォーム補助金！高齢者がいる家庭向け完全ガイド,住まい,バリアフリー リフォーム 補助金,★★,未着手,
096,096-chinki-sekkei.html,住宅ローン減税と補助金のW取り！賢い住宅購入の資金計画,住まい,住宅ローン減税 補助金 W取り,★★★,未着手,
097,097-stage-map.html,人生のステージ別「もらえるお金」完全マップ【誕生〜老後まで】,まとめ,ライフステージ もらえるお金 一覧,★★★,未着手,まとめ大型
098,098-calendar-2026.html,2026年もらえるお金カレンダー！月別に申請すべき補助金一覧,まとめ,補助金 カレンダー 2026 申請,★★★,未着手,まとめ大型
099,099-app-guide.html,もらえるお金ナビ活用術！年間10万円得する具体的な使い方,アプリ,もらえるお金ナビ 使い方 節約,★★,未着手,
100,100-sougaku-daizen.html,この補助金を全部使ったら総額1000万円超え!? 最強の『もらえるお金』大全【完全版】,まとめ,もらえるお金 補助金 合計 大全,★★★,未着手,最終記事
